samples_proportion,x_vars_proportion,train_time,valid_time,accuracy
1,1,251900,6600,0.836364
2,1,466600,9200,0.872727
3,1,576000,9100,0.861818
4,1,506000,9700,0.869091
5,1,632400,12100,0.850909
6,1,758000,14600,0.861818
7,1,1277400,17700,0.861818
8,1,1009300,19400,0.861818
1,2,147100,3000,0.916364
2,2,289700,5500,0.916364
3,2,431200,8200,0.92
4,2,638300,12200,0.916364
5,2,721700,13800,0.934545
6,2,864800,16600,0.927273
7,2,1346800,19300,0.938182
8,2,1152700,22100,0.927273
1,3,180700,3000,0.989091
2,3,322800,5900,0.992727
3,3,483300,8800,1
4,3,645400,11700,1
5,3,3325400,58800,1
6,3,1588800,28400,0.996364
7,3,1855100,32900,1
8,3,2113300,37400,1
1,4,329400,5100,0.996364
2,4,393700,6000,0.996364
3,4,588100,8600,0.996364
4,4,785200,11600,1
5,4,1002700,14800,1
6,4,1171600,17200,1
7,4,1361300,20000,1
8,4,1582700,22800,1
1,1,127600,2500,0.836364
2,1,253800,4900,0.872727
3,1,379200,7400,0.861818
4,1,995600,12700,0.869091
5,1,724300,12200,0.850909
6,1,841400,16100,0.861818
7,1,884100,16800,0.861818
8,1,1008700,19400,0.861818
1,2,146700,2900,0.916364
2,2,289000,5600,0.916364
3,2,431500,8200,0.92
4,2,576000,11000,0.916364
5,2,756700,13700,0.934545
6,2,865700,16500,0.927273
7,2,1006300,19100,0.938182
8,2,1152400,22000,0.927273
1,3,164000,3000,0.989091
2,3,322800,5900,0.992727
3,3,483200,8600,1
4,3,711000,11600,1
5,3,804300,14100,1
6,3,962700,16900,0.996364
7,3,1125000,31400,1
8,3,1282000,22800,1
1,4,208800,3100,0.996364
2,4,393400,6000,0.996364
3,4,588100,8600,0.996364
4,4,785000,11800,1
5,4,978600,14500,1
6,4,1173100,17400,1
7,4,1364400,20200,1
8,4,1553000,22800,1
1,1,128600,2500,0.836364
2,1,255600,5000,0.872727
3,1,382100,7400,0.861818
4,1,510300,9800,0.869091
5,1,636900,12100,0.850909
6,1,764200,14700,0.861818
7,1,891500,17100,0.861818
8,1,1016700,19300,0.861818
1,2,170600,3000,0.916364
2,2,347400,6100,0.916364
3,2,474700,9000,0.92
4,2,634700,12100,0.916364
5,2,792000,15200,0.934545
6,2,866400,16600,0.927273
7,2,1006700,19300,0.938182
8,2,1151100,22000,0.927273
1,3,163900,3000,0.989091
2,3,323700,5900,0.992727
3,3,482900,8700,1
4,3,644500,11500,1
5,3,804300,16500,1
6,3,964000,17100,0.996364
7,3,1124900,19900,1
8,3,1280200,22800,1
1,4,199200,3000,0.996364
2,4,393300,6000,0.996364
3,4,587800,8500,0.996364
4,4,808200,11700,1
5,4,978900,14700,1
6,4,1171300,17300,1
7,4,1362900,20200,1
8,4,1550100,22700,1
1,1,127500,2500,0.836364
2,1,253700,4900,0.872727
3,1,419900,8700,0.861818
4,1,556700,10800,0.869091
5,1,695700,13400,0.850909
6,1,834100,15900,0.861818
7,1,1004000,17100,0.861818
8,1,1016800,19300,0.861818
1,2,147200,2900,0.916364
2,2,290300,5500,0.916364
3,2,434600,8300,0.92
4,2,579600,11200,0.916364
5,2,724600,13700,0.934545
6,2,868800,16400,0.927273
7,2,1011100,19200,0.938182
8,2,1156600,21900,0.927273
1,3,164000,3000,0.989091
2,3,323800,5700,0.992727
3,3,483600,8700,1
4,3,645000,11600,1
5,3,805000,14100,1
6,3,1029700,17200,0.996364
7,3,1124000,20300,1
8,3,1552700,22900,1
1,4,200400,3100,0.996364
2,4,393600,6000,0.996364
3,4,588300,8600,0.996364
4,4,783100,11800,1
5,4,977600,14600,1
6,4,1170900,17300,1
7,4,1361700,20200,1
8,4,1550800,22700,1
1,1,127900,2500,0.836364
2,1,253700,5000,0.872727
3,1,378900,7400,0.861818
4,1,506000,9800,0.869091
5,1,632500,12200,0.850909
6,1,758300,14500,0.861818
7,1,884000,17000,0.861818
8,1,1145200,21400,0.861818
1,2,161600,3100,0.916364
2,2,318700,6000,0.916364
3,2,474800,9000,0.92
4,2,646400,11100,0.916364
5,2,724400,13800,0.934545
6,2,869000,16400,0.927273
7,2,1010500,19200,0.938182
8,2,1268600,24300,0.927273
1,3,180800,3300,0.989091
2,3,355100,6500,0.992727
3,3,531000,9600,1
4,3,647300,11600,1
5,3,805600,14300,1
6,3,965300,17100,0.996364
7,3,1149100,19900,1
8,3,1280400,22900,1
1,4,200600,3000,0.996364
2,4,394200,6000,0.996364
3,4,587000,8500,0.996364
4,4,783900,11700,1
5,4,978200,14500,1
6,4,1172200,17100,1
7,4,1363300,20000,1
8,4,1704500,22600,1
1,1,127400,2400,0.836364
2,1,253900,5000,0.872727
3,1,379200,7400,0.861818
4,1,506000,9800,0.869091
5,1,631900,12100,0.850909
6,1,758000,14600,0.861818
7,1,883900,17000,0.861818
8,1,1009200,19400,0.861818
1,2,146800,3000,0.916364
2,2,289900,5600,0.916364
3,2,454700,8200,0.92
4,2,576200,11200,0.916364
5,2,720800,13800,0.934545
6,2,866300,16400,0.927273
7,2,1006800,19100,0.938182
8,2,1150700,22100,0.927273
1,3,163600,3000,0.989091
2,3,323100,5800,0.992727
3,3,482600,8800,1
4,3,644600,11500,1
5,3,805200,14200,1
6,3,963100,17000,0.996364
7,3,1124600,19900,1
8,3,1461100,25100,1
1,4,219900,3600,0.996364
2,4,433900,6600,0.996364
3,4,835400,10200,0.996364
4,4,1286400,11800,1
5,4,1004100,15000,1
6,4,1172600,17400,1
7,4,1362700,20000,1
8,4,1575300,22800,1
1,1,156300,3000,0.836364
2,1,253800,4900,0.872727
3,1,379500,7500,0.861818
4,1,506000,9800,0.869091
5,1,662100,12200,0.850909
6,1,759500,14500,0.861818
7,1,884200,17000,0.861818
8,1,1009200,19300,0.861818
1,2,147000,2900,0.916364
2,2,290100,5500,0.916364
3,2,432000,8200,0.92
4,2,576900,11200,0.916364
5,2,719400,13700,0.934545
6,2,889800,16500,0.927273
7,2,1006700,19200,0.938182
8,2,1150800,22000,0.927273
1,3,164000,2900,0.989091
2,3,355700,6500,0.992727
3,3,530700,9600,1
4,3,709400,12600,1
5,3,885200,15700,1
6,3,1059100,18900,0.996364
7,3,1235700,21900,1
8,3,1379500,22800,1
1,4,199400,3000,0.996364
2,4,393600,6000,0.996364
3,4,588500,8600,0.996364
4,4,785000,11800,1
5,4,977900,14500,1
6,4,1171300,17300,1
7,4,1361900,20200,1
8,4,1550200,22700,1
1,1,127300,2500,0.836364
2,1,253900,4900,0.872727
3,1,379300,7300,0.861818
4,1,505600,9700,0.869091
5,1,632200,12200,0.850909
6,1,757400,14500,0.861818
7,1,987300,18900,0.861818
8,1,1110500,21200,0.861818
1,2,161200,3200,0.916364
2,2,318100,6000,0.916364
3,2,433100,8300,0.92
4,2,576200,11100,0.916364
5,2,720400,13800,0.934545
6,2,864400,16500,0.927273
7,2,1109000,21300,0.938182
8,2,1268600,24400,0.927273
1,3,180500,3200,0.989091
2,3,356500,6500,0.992727
3,3,531800,9600,1
4,3,833400,12900,1
5,3,1111200,14400,1
6,3,963400,17000,0.996364
7,3,1124500,20000,1
8,3,1280800,22600,1
1,4,199800,3000,0.996364
2,4,393600,5900,0.996364
3,4,587700,8600,0.996364
4,4,783300,11800,1
5,4,978200,14700,1
6,4,1171900,17100,1
7,4,1362800,20100,1
8,4,1549700,22700,1
1,1,127500,2500,0.836364
2,1,291200,5000,0.872727
3,1,379700,7500,0.861818
4,1,506200,9800,0.869091
5,1,632200,12100,0.850909
6,1,757800,14600,0.861818
7,1,908700,16900,0.861818
8,1,1009000,19300,0.861818
1,2,147000,2900,0.916364
2,2,288900,5500,0.916364
3,2,431600,8000,0.92
4,2,577900,11200,0.916364
5,2,720800,13900,0.934545
6,2,865900,16700,0.927273
7,2,1072800,19400,0.938182
8,2,1151800,22100,0.927273
1,3,163400,3000,0.989091
2,3,322300,5900,0.992727
3,3,482800,8700,1
4,3,645200,11600,1
5,3,804000,14200,1
6,3,963400,17100,0.996364
7,3,1124200,20000,1
8,3,1281100,22600,1
1,4,199200,3100,0.996364
2,4,394400,6000,0.996364
3,4,588000,8700,0.996364
4,4,784100,11700,1
5,4,978200,14600,1
6,4,1179000,17300,1
7,4,1362600,20000,1
8,4,1573100,22600,1
1,1,127600,2400,0.836364
2,1,253700,5000,0.872727
3,1,379100,7300,0.861818
4,1,506000,9700,0.869091
5,1,632300,12200,0.850909
6,1,757600,14500,0.861818
7,1,883800,16900,0.861818
8,1,1009100,19400,0.861818
1,2,146200,2900,0.916364
2,2,289200,5600,0.916364
3,2,431600,8100,0.92
4,2,576300,11200,0.916364
5,2,795500,15300,0.934545
6,2,952700,18300,0.927273
7,2,1107400,21300,0.938182
8,2,1330400,24200,0.927273
1,3,281900,4200,0.989091
2,3,356600,6500,0.992727
3,3,532700,9600,1
4,3,710400,12700,1
5,3,884700,15800,1
6,3,1070000,18700,0.996364
7,3,1525100,20300,1
8,3,1280800,22700,1
1,4,244800,3000,0.996364
2,4,393300,5900,0.996364
3,4,646700,9500,0.996364
4,4,862000,12800,1
5,4,980200,14600,1
6,4,1173700,17200,1
7,4,1364400,20300,1
8,4,1550400,22800,1
1,1,128600,2500,0.836364
2,1,255800,4900,0.872727
3,1,382000,7400,0.861818
4,1,506200,9800,0.869091
5,1,632600,12100,0.850909
6,1,758200,14400,0.861818
7,1,884200,16900,0.861818
8,1,1009000,19400,0.861818
1,2,147800,3100,0.916364
2,2,289800,5600,0.916364
3,2,431800,8200,0.92
4,2,576700,11100,0.916364
5,2,858100,15900,0.934545
6,2,952100,18100,0.927273
7,2,1106400,21100,0.938182
8,2,1267800,24400,0.927273
1,3,179900,3400,0.989091
2,3,355400,6500,0.992727
3,3,532300,9600,1
4,3,726500,11700,1
5,3,805000,14400,1
6,3,963600,17100,0.996364
7,3,1124200,20000,1
8,3,1281900,22800,1
1,4,199900,3100,0.996364
2,4,393900,5900,0.996364
3,4,587900,8600,0.996364
4,4,784500,11800,1
5,4,1077600,16200,1
6,4,1289000,19100,1
7,4,1498700,22000,1
8,4,1576700,22600,1
1,1,128500,2500,0.836364
2,1,256100,4900,0.872727
3,1,382800,7400,0.861818
4,1,509700,9600,0.869091
5,1,636700,12200,0.850909
6,1,763800,14600,0.861818
7,1,891200,17000,0.861818
8,1,1171100,21500,0.861818
1,2,161300,3300,0.916364
2,2,289500,5500,0.916364
3,2,431700,8000,0.92
4,2,576300,11000,0.916364
5,2,722500,13800,0.934545
6,2,865200,16600,0.927273
7,2,1006000,19300,0.938182
8,2,1615800,22500,0.927273
1,3,163800,3000,0.989091
2,3,323100,5800,0.992727
3,3,483500,8600,1
4,3,645800,11700,1
5,3,806400,14400,1
6,3,963100,17000,0.996364
7,3,1303800,19800,1
8,3,1281900,22800,1
1,4,199700,3000,0.996364
2,4,393400,6000,0.996364
3,4,589500,8700,0.996364
4,4,785100,11800,1
5,4,977000,14600,1
6,4,1171700,17300,1
7,4,1361400,20200,1
8,4,1550500,22800,1
1,1,127700,2500,0.836364
2,1,253700,5000,0.872727
3,1,379100,7400,0.861818
4,1,506100,9700,0.869091
5,1,632300,12200,0.850909
6,1,758500,14500,0.861818
7,1,884600,17000,0.861818
8,1,1009200,19400,0.861818
1,2,146700,2900,0.916364
2,2,289700,5600,0.916364
3,2,431400,8100,0.92
4,2,576000,11200,0.916364
5,2,720300,13700,0.934545
6,2,954300,18200,0.927273
7,2,1006400,19300,0.938182
8,2,1152000,22100,0.927273
1,3,163300,3000,0.989091
2,3,323200,5800,0.992727
3,3,482700,8700,1
4,3,644900,11700,1
5,3,904800,14200,1
6,3,963300,17300,0.996364
7,3,1123600,20000,1
8,3,1281200,22600,1
1,4,199900,3100,0.996364
2,4,393300,6000,0.996364
3,4,587700,8500,0.996364
4,4,784800,11800,1
5,4,977400,14600,1
6,4,1170300,17300,1
7,4,1363000,20200,1
8,4,1550700,22700,1
1,1,127600,2500,0.836364
2,1,253600,4900,0.872727
3,1,380000,7500,0.861818
4,1,506400,9900,0.869091
5,1,632800,12200,0.850909
6,1,758100,14600,0.861818
7,1,1417800,17200,0.861818
8,1,1009000,19400,0.861818
1,2,146800,3000,0.916364
2,2,289000,5500,0.916364
3,2,432000,8100,0.92
4,2,577200,11200,0.916364
5,2,720900,13800,0.934545
6,2,865400,16400,0.927273
7,2,1102800,19300,0.938182
8,2,1152000,22000,0.927273
1,3,163800,3000,0.989091
2,3,323300,5800,0.992727
3,3,483700,8700,1
4,3,644900,11600,1
5,3,804000,14300,1
6,3,962300,17000,0.996364
7,3,1125300,20100,1
8,3,1283700,22700,1
1,4,199900,3100,0.996364
2,4,394400,6000,0.996364
3,4,588400,8600,0.996364
4,4,783000,11700,1
5,4,1363300,14800,1
6,4,1171900,17200,1
7,4,1360200,20000,1
8,4,1589800,22700,1
1,1,127900,2600,0.836364
2,1,253700,4900,0.872727
3,1,379300,7400,0.861818
4,1,572900,19600,0.869091
5,1,632500,12200,0.850909
6,1,758400,14500,0.861818
7,1,884300,16900,0.861818
8,1,1009300,19300,0.861818
1,2,146800,3000,0.916364
2,2,299300,5400,0.916364
3,2,431400,8100,0.92
4,2,576700,11100,0.916364
5,2,721500,13900,0.934545
6,2,864900,16400,0.927273
7,2,1006300,19200,0.938182
8,2,1151000,22000,0.927273
1,3,163400,3000,0.989091
2,3,322900,5900,0.992727
3,3,482100,8700,1
4,3,644900,11600,1
5,3,805100,14400,1
6,3,964200,17100,0.996364
7,3,1125400,19900,1
8,3,1281700,22800,1
1,4,200400,3100,0.996364
2,4,393400,6000,0.996364
3,4,588300,9300,0.996364
4,4,784700,11700,1
5,4,1001200,14500,1
6,4,1266800,17300,1
7,4,1363600,20200,1
8,4,1574100,22600,1
1,1,127300,2500,0.836364
2,1,253900,4900,0.872727
3,1,379100,7400,0.861818
4,1,505900,9700,0.869091
5,1,632500,12100,0.850909
6,1,758500,14700,0.861818
7,1,885600,17200,0.861818
8,1,1009000,19200,0.861818
1,2,146800,2900,0.916364
2,2,365100,5500,0.916364
3,2,432300,8100,0.92
4,2,576200,11100,0.916364
5,2,720300,13900,0.934545
6,2,865200,16400,0.927273
7,2,1007100,19200,0.938182
8,2,1152500,21900,0.927273
1,3,164200,3000,0.989091
2,3,323100,5900,0.992727
3,3,483200,8600,1
4,3,644200,11700,1
5,3,804200,14300,1
6,3,993200,17100,0.996364
7,3,1123900,19800,1
8,3,1280800,22800,1
1,4,199900,3100,0.996364
2,4,394900,6000,0.996364
3,4,588100,8500,0.996364
4,4,783400,11800,1
5,4,1002700,14500,1
6,4,1171100,17200,1
7,4,1361200,20000,1
8,4,1574300,22600,1
1,1,127500,2600,0.836364
2,1,253400,5000,0.872727
3,1,379200,7400,0.861818
4,1,506300,9800,0.869091
5,1,632000,12100,0.850909
6,1,758800,14500,0.861818
7,1,884000,17100,0.861818
8,1,1008300,19200,0.861818
1,2,147600,3000,0.916364
2,2,311900,5600,0.916364
3,2,431500,8200,0.92
4,2,576100,11100,0.916364
5,2,720700,13800,0.934545
6,2,864600,16700,0.927273
7,2,1005900,19300,0.938182
8,2,1151200,22100,0.927273
1,3,163700,3000,0.989091
2,3,322600,5900,0.992727
3,3,482400,8800,1
4,3,644600,11500,1
5,3,805200,14300,1
6,3,963300,17100,0.996364
7,3,1123400,19900,1
8,3,1281600,22700,1
1,4,199400,3100,0.996364
2,4,393100,6100,0.996364
3,4,589300,8700,0.996364
4,4,784300,11600,1
5,4,977300,14600,1
6,4,1288300,17300,1
7,4,1364600,20000,1
8,4,1552300,22800,1
1,1,127400,2500,0.836364
2,1,254200,5000,0.872727
3,1,379200,7400,0.861818
4,1,505900,9800,0.869091
5,1,632400,12100,0.850909
6,1,827900,14500,0.861818
7,1,883900,17000,0.861818
8,1,1009000,19300,0.861818
1,2,146600,3000,0.916364
2,2,288600,5600,0.916364
3,2,434300,8200,0.92
4,2,576900,11200,0.916364
5,2,720200,13800,0.934545
6,2,865000,16400,0.927273
7,2,1006800,19300,0.938182
8,2,1151700,22000,0.927273
1,3,163500,3000,0.989091
2,3,323500,5900,0.992727
3,3,483000,8700,1
4,3,644500,11500,1
5,3,803300,14200,1
6,3,1005900,17100,0.996364
7,3,1124200,20000,1
8,3,1279700,22700,1
1,4,320700,4000,0.996364
2,4,394300,6000,0.996364
3,4,587600,8600,0.996364
4,4,785600,11800,1
5,4,977400,14500,1
6,4,1171800,17200,1
7,4,1362800,20000,1
8,4,1551100,22700,1
1,1,127500,2600,0.836364
2,1,253300,5000,0.872727
3,1,379400,7500,0.861818
4,1,506200,9800,0.869091
5,1,632200,12200,0.850909
6,1,757900,14500,0.861818
7,1,884000,17000,0.861818
8,1,1009500,19300,0.861818
1,2,146200,3000,0.916364
2,2,288800,5600,0.916364
3,2,431100,8000,0.92
4,2,576800,11200,0.916364
5,2,720100,13800,0.934545
6,2,864700,16400,0.927273
7,2,1004700,19000,0.938182
8,2,1152000,22000,0.927273
1,3,163700,3000,0.989091
2,3,322300,5900,0.992727
3,3,482600,8700,1
4,3,645500,11600,1
5,3,803300,14200,1
6,3,963400,16900,0.996364
7,3,1124500,20000,1
8,3,1280400,22700,1
1,4,200000,3000,0.996364
2,4,475500,8700,0.996364
3,4,588900,8500,0.996364
4,4,782700,11700,1
5,4,977700,14400,1
6,4,1171500,17200,1
7,4,1361000,20000,1
8,4,1857400,32200,1
1,1,128300,2500,0.836364
2,1,253800,4900,0.872727
3,1,379100,7500,0.861818
4,1,505900,9800,0.869091
5,1,632300,12100,0.850909
6,1,758200,14500,0.861818
7,1,883700,17000,0.861818
8,1,1008700,19200,0.861818
1,2,146600,2900,0.916364
2,2,289900,5600,0.916364
3,2,431200,8100,0.92
4,2,576100,11000,0.916364
5,2,720600,13800,0.934545
6,2,866300,16700,0.927273
7,2,1006400,19300,0.938182
8,2,1151800,22000,0.927273
1,3,200900,3300,0.989091
2,3,322800,6000,0.992727
3,3,482800,8700,1
4,3,644600,11700,1
5,3,804100,14100,1
6,3,962800,17100,0.996364
7,3,1124100,19900,1
8,3,1395600,22600,1
1,4,201000,3100,0.996364
2,4,394700,6000,0.996364
3,4,588800,8500,0.996364
4,4,785000,11800,1
5,4,979100,14500,1
6,4,1170600,17400,1
7,4,1362000,20100,1
8,4,1550800,22800,1
1,1,127800,2600,0.836364
2,1,253500,5000,0.872727
3,1,379500,7500,0.861818
4,1,505700,9700,0.869091
5,1,632200,12200,0.850909
6,1,758100,14600,0.861818
7,1,966500,17100,0.861818
8,1,1008900,19400,0.861818
1,2,146400,3000,0.916364
2,2,289100,5600,0.916364
3,2,431600,8100,0.92
4,2,577300,11100,0.916364
5,2,720300,13800,0.934545
6,2,866700,16600,0.927273
7,2,1006000,19200,0.938182
8,2,1152300,22200,0.927273
1,3,163900,3100,0.989091
2,3,322300,5800,0.992727
3,3,546300,8800,1
4,3,644400,11600,1
5,3,803700,14300,1
6,3,962600,17000,0.996364
7,3,1124300,20000,1
8,3,1280000,22800,1
1,4,199800,3100,0.996364
2,4,394000,6000,0.996364
3,4,588100,8500,0.996364
4,4,783800,11700,1
5,4,1100700,14600,1
6,4,1172500,17100,1
7,4,1362100,20100,1
8,4,1660900,22600,1
1,1,127500,2600,0.836364
2,1,253600,5000,0.872727
3,1,379200,7400,0.861818
4,1,505600,9700,0.869091
5,1,701000,13500,0.850909
6,1,838600,16000,0.861818
7,1,972800,18700,0.861818
8,1,1110000,21200,0.861818
1,2,162500,3300,0.916364
2,2,319600,6200,0.916364
3,2,475600,9000,0.92
4,2,633400,12200,0.916364
5,2,1349400,16600,0.934545
6,2,1832700,20400,0.927273
7,2,1647600,24100,0.938182
8,2,1806600,28400,0.927273
1,3,182800,3400,0.989091
2,3,415200,6600,0.992727
3,3,1045100,11900,1
4,3,712300,12700,1
5,3,943100,15800,1
6,3,1060400,18800,0.996364
7,3,2629400,38800,1
8,3,1486200,23200,1
1,4,200300,3000,0.996364
2,4,393500,5900,0.996364
3,4,588000,8500,0.996364
4,4,1397600,13300,1
5,4,979600,14500,1
6,4,1251300,23800,1
7,4,1362800,20100,1
8,4,1550400,22600,1
1,1,127700,2500,0.836364
2,1,256500,5000,0.872727
3,1,421500,8100,0.861818
4,1,510700,9700,0.869091
5,1,638500,12100,0.850909
6,1,765600,14400,0.861818
7,1,891300,17100,0.861818
8,1,1016000,19300,0.861818
1,2,147100,2900,0.916364
2,2,322400,6100,0.916364
3,2,480700,9000,0.92
4,2,639600,12100,0.916364
5,2,766100,14000,0.934545
6,2,869900,16600,0.927273
7,2,1108300,21100,0.938182
8,2,1267200,24300,0.927273
1,3,181700,3500,0.989091
2,3,324000,6000,0.992727
3,3,482900,8800,1
4,3,644700,11600,1
5,3,821200,14300,1
6,3,963000,17200,0.996364
7,3,1123600,19900,1
8,3,1280400,22900,1
1,4,199700,3000,0.996364
2,4,394000,6000,0.996364
3,4,587700,8700,0.996364
4,4,840900,11800,1
5,4,978700,14600,1
6,4,1172100,17200,1
7,4,2607900,20600,1
8,4,1551500,22600,1
1,1,127700,2500,0.836364
2,1,253400,5000,0.872727
3,1,379200,7400,0.861818
4,1,506000,9700,0.869091
5,1,632100,12100,0.850909
6,1,758400,14600,0.861818
7,1,1000600,17200,0.861818
8,1,1032700,19300,0.861818
1,2,146300,2900,0.916364
2,2,289200,5600,0.916364
3,2,431900,8100,0.92
4,2,576400,11100,0.916364
5,2,720900,13900,0.934545
6,2,865000,16500,0.927273
7,2,1006100,19200,0.938182
8,2,1151800,21900,0.927273
1,3,164100,3000,0.989091
2,3,322500,5900,0.992727
3,3,575500,8700,1
4,3,645100,11500,1
5,3,804100,14100,1
6,3,962300,16900,0.996364
7,3,1237900,22100,1
8,3,1425500,24900,1
1,4,219300,3400,0.996364
2,4,433400,6600,0.996364
3,4,645400,9400,0.996364
4,4,864600,13000,1
5,4,978700,14600,1
6,4,1171600,17400,1
7,4,1361200,20000,1
8,4,1551700,22600,1
1,1,127400,2500,0.836364
2,1,253500,4900,0.872727
3,1,379000,7500,0.861818
4,1,505700,9700,0.869091
5,1,631700,12100,0.850909
6,1,1196200,18800,0.861818
7,1,990300,18800,0.861818
8,1,1517900,21400,0.861818
1,2,274700,4300,0.916364
2,2,605800,7800,0.916364
3,2,477100,9200,0.92
4,2,636800,12200,0.916364
5,2,833800,15500,0.934545
6,2,1726900,19300,0.927273
7,2,1101500,19400,0.938182
8,2,1151200,22100,0.927273
1,3,299100,4400,0.989091
2,3,358000,6600,0.992727
3,3,533000,9600,1
4,3,1247800,14600,1
5,3,1477100,17900,1
6,3,1065800,19300,0.996364
7,3,1237700,22000,1
8,3,2148500,25400,1
1,4,200900,3000,0.996364
2,4,394700,6000,0.996364
3,4,648800,9500,0.996364
4,4,862000,12800,1
5,4,1075800,15800,1
6,4,1237500,17500,1
7,4,1366400,20100,1
8,4,1919400,25000,1
1,1,140800,2800,0.836364
2,1,354200,8500,0.872727
3,1,441000,8100,0.861818
4,1,697700,9900,0.869091
5,1,632500,12200,0.850909
6,1,895500,16000,0.861818
7,1,883900,17000,0.861818
8,1,1009400,19200,0.861818
1,2,162500,3200,0.916364
2,2,318900,6200,0.916364
3,2,477100,18800,0.92
4,2,576500,11100,0.916364
5,2,721800,13900,0.934545
6,2,983900,18200,0.927273
7,2,1034700,19200,0.938182
8,2,1248600,21900,0.927273
1,3,164100,3000,0.989091
2,3,322800,5800,0.992727
3,3,484700,8800,1
4,3,645500,11600,1
5,3,803100,14200,1
6,3,987700,17000,0.996364
7,3,1226200,20200,1
8,3,1281300,22700,1
1,4,200100,3100,0.996364
2,4,393100,6100,0.996364
3,4,589400,8700,0.996364
4,4,785100,11600,1
5,4,978200,14600,1
6,4,1317100,17400,1
7,4,1361700,20100,1
8,4,1990200,23200,1
1,1,127700,2500,0.836364
2,1,253700,4900,0.872727
3,1,379200,7400,0.861818
4,1,506000,9700,0.869091
5,1,632200,12200,0.850909
6,1,776400,18200,0.861818
7,1,884300,16900,0.861818
8,1,1009200,19400,0.861818
1,2,146900,3000,0.916364
2,2,289400,5700,0.916364
3,2,430900,8100,0.92
4,2,576500,11000,0.916364
5,2,842400,15200,0.934545
6,2,866000,16600,0.927273
7,2,1006100,19200,0.938182
8,2,1151900,21900,0.927273
1,3,164300,3000,0.989091
2,3,355800,6400,0.992727
3,3,539400,8700,1
4,3,644600,11600,1
5,3,854200,27600,1
6,3,964700,17100,0.996364
7,3,1123400,20000,1
8,3,1282400,23100,1
1,4,200500,3100,0.996364
2,4,393000,6000,0.996364
3,4,648400,9500,0.996364
4,4,864300,12800,1
5,4,1076800,16000,1
6,4,2339700,22200,1
7,4,1504600,22200,1
8,4,1711900,25300,1
1,1,141100,3300,0.836364
2,1,280600,5500,0.872727
3,1,436100,8300,0.861818
4,1,558000,10800,0.869091
5,1,697500,13400,0.850909
6,1,1523300,16900,0.861818
7,1,1020300,19600,0.861818
8,1,2455500,27600,0.861818
1,2,162900,3300,0.916364
2,2,321000,6200,0.916364
3,2,498900,9100,0.92
4,2,637000,12200,0.916364
5,2,804000,15200,0.934545
6,2,987100,18400,0.927273
7,2,1130100,21200,0.938182
8,2,1304200,24400,0.927273
1,3,215200,3300,0.989091
2,3,365500,6500,0.992727
3,3,866700,22200,1
4,3,709800,12900,1
5,3,893000,15500,1
6,3,1079600,18900,0.996364
7,3,3675800,53600,1
8,3,4192100,67100,1
1,4,220800,3300,0.996364
2,4,433100,6500,0.996364
3,4,655000,9400,0.996364
4,4,865100,12800,1
5,4,1079000,16000,1
6,4,2666800,47100,1
7,4,2329200,22500,1
8,4,1725000,24800,1
1,1,144300,2800,0.836364
2,1,283100,5500,0.872727
3,1,417400,8200,0.861818
4,1,1546700,26000,0.869091
5,1,865100,13500,0.850909
6,1,835500,16000,0.861818
7,1,981800,18500,0.861818
8,1,1109600,21300,0.861818
1,2,162200,3200,0.916364
2,2,318900,6100,0.916364
3,2,474800,9000,0.92
4,2,634100,12200,0.916364
5,2,801800,15300,0.934545
6,2,959900,18100,0.927273
7,2,1106800,21100,0.938182
8,2,1329100,29500,0.927273
1,3,182100,3500,0.989091
2,3,366500,6500,0.992727
3,3,535100,9600,1
4,3,1847200,28200,1
5,3,886400,15700,1
6,3,1060700,18900,0.996364
7,3,1247400,21900,1
8,3,1453500,25200,1
1,4,219900,3400,0.996364
2,4,438700,6600,0.996364
3,4,1719600,15900,0.996364
4,4,864600,12900,1
5,4,1079100,16100,1
6,4,1289900,18900,1
7,4,3957300,35400,1
8,4,4385600,52300,1
1,1,151100,2800,0.836364
2,1,279100,5400,0.872727
3,1,417200,8100,0.861818
4,1,568500,10700,0.869091
5,1,699900,13300,0.850909
6,1,836100,16100,0.861818
7,1,985100,18900,0.861818
8,1,1110200,21300,0.861818
1,2,162200,3300,0.916364
2,2,853800,11800,0.916364
3,2,1334000,17000,0.92
4,2,1734900,15200,0.916364
5,2,814400,15300,0.934545
6,2,2350400,20600,0.927273
7,2,1825600,25500,0.938182
8,2,1284200,24600,0.927273
1,3,256700,8000,0.989091
2,3,359600,6900,0.992727
3,3,540900,9700,1
4,3,742600,16300,1
5,3,1089900,16100,1
6,3,2805200,33900,0.996364
7,3,3060600,64800,1
8,3,1578000,25300,1
1,4,221600,3600,0.996364
2,4,434000,6600,0.996364
3,4,650300,9400,0.996364
4,4,876200,13000,1
5,4,1091300,15900,1
6,4,1295000,19500,1
7,4,1501400,22100,1
8,4,1943900,24900,1
1,1,140600,2700,0.836364
2,1,280100,5400,0.872727
3,1,417100,8000,0.861818
4,1,585500,10700,0.869091
5,1,696600,13400,0.850909
6,1,843000,16400,0.861818
7,1,974200,18700,0.861818
8,1,1149000,21300,0.861818
1,2,162800,3200,0.916364
2,2,321200,6100,0.916364
3,2,596600,9000,0.92
4,2,751100,19800,0.916364
5,2,793900,15100,0.934545
6,2,1113400,18100,0.927273
7,2,1107200,21000,0.938182
8,2,2439100,30300,0.927273
1,3,182000,3300,0.989091
2,3,657800,8600,0.992727
3,3,531700,9700,1
4,3,708600,12700,1
5,3,1631700,20000,1
6,3,1063400,19000,0.996364
7,3,1237400,21700,1
8,3,2740500,31400,1
1,4,440800,4300,0.996364
2,4,480400,9200,0.996364
3,4,1197900,12500,0.996364
4,4,2037300,17400,1
5,4,2733400,46100,1
6,4,1530900,20600,1
7,4,5262300,30000,1
8,4,1729000,25400,1
1,1,143800,2800,0.836364
2,1,299200,6800,0.872727
3,1,455500,8200,0.861818
4,1,1006800,14000,0.869091
5,1,702400,13600,0.850909
6,1,893900,15900,0.861818
7,1,1014800,18800,0.861818
8,1,1118400,21300,0.861818
1,2,164400,3200,0.916364
2,2,321100,6100,0.916364
3,2,744700,10900,0.92
4,2,1963100,28100,0.916364
5,2,793700,15200,0.934545
6,2,952300,18200,0.927273
7,2,1106000,21300,0.938182
8,2,1266600,24200,0.927273
1,3,180400,3400,0.989091
2,3,354900,6400,0.992727
3,3,531000,9700,1
4,3,2047600,24400,1
5,3,2536300,27500,1
6,3,2934500,24600,0.996364
7,3,3809600,72300,1
8,3,1409800,25200,1
1,4,220000,3400,0.996364
2,4,432800,6500,0.996364
3,4,646600,9400,0.996364
4,4,862200,12900,1
5,4,2675800,44600,1
6,4,3046900,34900,1
7,4,1500400,22200,1
8,4,1817400,24900,1
1,1,140400,2800,0.836364
2,1,285700,5500,0.872727
3,1,416900,8100,0.861818
4,1,556600,10600,0.869091
5,1,697400,13400,0.850909
6,1,834300,16200,0.861818
7,1,972900,18600,0.861818
8,1,1491500,21400,0.861818
1,2,163000,3300,0.916364
2,2,319900,6100,0.916364
3,2,477900,8900,0.92
4,2,1655200,15000,0.916364
5,2,800000,15400,0.934545
6,2,964800,18100,0.927273
7,2,1116900,21200,0.938182
8,2,3256400,47500,0.927273
1,3,411700,7000,0.989091
2,3,849600,13900,0.992727
3,3,1357400,19300,1
4,3,1752400,32400,1
5,3,2195200,36300,1
6,3,2733900,39200,0.996364
7,3,3060400,44400,1
8,3,3471800,54900,1
1,4,475300,9600,0.996364
2,4,1052100,14700,0.996364
3,4,746500,9700,0.996364
4,4,907200,13300,1
5,4,1504700,16000,1
6,4,1328200,19000,1
7,4,1666200,22200,1
8,4,3761400,25100,1
1,1,142100,2800,0.836364
2,1,280300,5400,0.872727
3,1,417900,8200,0.861818
4,1,568700,10700,0.869091
5,1,703000,13300,0.850909
6,1,841300,16100,0.861818
7,1,982800,18800,0.861818
8,1,1136500,21400,0.861818
1,2,162600,3300,0.916364
2,2,595600,7200,0.916364
3,2,477700,9100,0.92
4,2,635600,12200,0.916364
5,2,794200,15200,0.934545
6,2,953800,18300,0.927273
7,2,1122700,21100,0.938182
8,2,1269600,24300,0.927273
1,3,226700,3400,0.989091
2,3,356100,6400,0.992727
3,3,533700,9700,1
4,3,1460600,16800,1
5,3,2202300,33100,1
6,3,2081400,19300,0.996364
7,3,1237200,22000,1
8,3,1408500,25000,1
1,4,236700,3400,0.996364
2,4,801700,9100,0.996364
3,4,648700,9600,0.996364
4,4,866400,12900,1
5,4,1076900,16000,1
6,4,1290400,19300,1
7,4,1499700,22200,1
8,4,1707700,24800,1
1,1,142000,2800,0.836364
2,1,281100,5500,0.872727
3,1,420100,8100,0.861818
4,1,560200,10600,0.869091
5,1,695400,13400,0.850909
6,1,764500,14600,0.861818
7,1,891600,16900,0.861818
8,1,1018000,19400,0.861818
1,2,147300,3000,0.916364
2,2,343700,6200,0.916364
3,2,474500,9000,0.92
4,2,634500,12100,0.916364
5,2,960700,13800,0.934545
6,2,891500,16600,0.927273
7,2,1007200,19300,0.938182
8,2,1152300,22000,0.927273
1,3,164200,2900,0.989091
2,3,345300,5900,0.992727
3,3,482300,8700,1
4,3,643500,11500,1
5,3,803500,14000,1
6,3,986600,17100,0.996364
7,3,1164400,20100,1
8,3,1282000,22900,1
1,4,215800,3000,0.996364
2,4,392900,6000,0.996364
3,4,823400,9800,0.996364
4,4,863200,12900,1
5,4,1077000,16200,1
6,4,1291100,19000,1
7,4,1499300,22200,1
8,4,1708600,25100,1
1,1,140800,2800,0.836364
2,1,279400,5400,0.872727
3,1,416800,8300,0.861818
4,1,556800,10700,0.869091
5,1,695000,17600,0.850909
6,1,833600,16000,0.861818
7,1,972700,18600,0.861818
8,1,1125900,21400,0.861818
1,2,161500,3300,0.916364
2,2,290800,5500,0.916364
3,2,431200,8100,0.92
4,2,576100,11200,0.916364
5,2,720300,13800,0.934545
6,2,865400,16600,0.927273
7,2,1008500,19300,0.938182
8,2,1152600,21900,0.927273
1,3,185100,3400,0.989091
2,3,323100,6000,0.992727
3,3,482800,8600,1
4,3,644800,11500,1
5,3,886000,15800,1
6,3,1059200,18900,0.996364
7,3,1236600,22000,1
8,3,1443600,25200,1
1,4,221200,3400,0.996364
2,4,444900,6700,0.996364
3,4,1673100,12500,0.996364
4,4,871200,13100,1
5,4,1080100,16000,1
6,4,1174200,17300,1
7,4,1567200,20200,1
8,4,1552000,22700,1
1,1,127700,2500,0.836364
2,1,253900,4900,0.872727
3,1,378600,7500,0.861818
4,1,507600,9800,0.869091
5,1,632300,12100,0.850909
6,1,758700,14600,0.861818
7,1,1018100,23000,0.861818
8,1,1062300,19400,0.861818
1,2,146800,3000,0.916364
2,2,289300,5600,0.916364
3,2,478300,9000,0.92
4,2,1097900,14100,0.916364
5,2,800100,15300,0.934545
6,2,1338300,20600,0.927273
7,2,1110100,21300,0.938182
8,2,1285300,24600,0.927273
1,3,181600,3300,0.989091
2,3,358400,6500,0.992727
3,3,532200,9500,1
4,3,645400,11600,1
5,3,912400,15800,1
6,3,1062900,18800,0.996364
7,3,1258200,22000,1
8,3,1478300,25100,1
1,4,221200,3400,0.996364
2,4,460700,6600,0.996364
3,4,648300,9400,0.996364
4,4,864700,13100,1
5,4,2949100,20400,1
6,4,1374400,19200,1
7,4,2052300,22500,1
8,4,1931400,32500,1
1,1,141000,2800,0.836364
2,1,280100,5500,0.872727
3,1,524200,10300,0.861818
4,1,557700,10900,0.869091
5,1,695300,13500,0.850909
6,1,834100,16000,0.861818
7,1,973200,18700,0.861818
8,1,1110200,21300,0.861818
1,2,160900,3300,0.916364
2,2,607200,7800,0.916364
3,2,906900,11600,0.92
4,2,636800,12200,0.916364
5,2,1810000,15300,0.934545
6,2,955300,18200,0.927273
7,2,1156600,21200,0.938182
8,2,3321400,24600,0.927273
1,3,225500,5800,0.989091
2,3,357500,6500,0.992727
3,3,539700,9900,1
4,3,781300,13700,1
5,3,889800,15700,1
6,3,1159200,18800,0.996364
7,3,1239400,22000,1
8,3,1410300,25200,1
1,4,220500,3400,0.996364
2,4,436800,6800,0.996364
3,4,592900,8600,0.996364
4,4,888000,13000,1
5,4,981300,14600,1
6,4,1175900,17400,1
7,4,1367900,20100,1
8,4,1703100,24900,1
1,1,140900,2800,0.836364
2,1,279600,5400,0.872727
3,1,727500,10200,0.861818
4,1,556700,10800,0.869091
5,1,700100,12200,0.850909
6,1,832300,14600,0.861818
7,1,883800,16900,0.861818
8,1,1011100,19400,0.861818
1,2,146700,2900,0.916364
2,2,289100,5600,0.916364
3,2,432800,8100,0.92
4,2,577400,11000,0.916364
5,2,721800,13800,0.934545
6,2,866700,16600,0.927273
7,2,1007700,19100,0.938182
8,2,1154100,22000,0.927273
1,3,163800,3000,0.989091
2,3,322400,5900,0.992727
3,3,587600,8700,1
4,3,644700,11600,1
5,3,804000,14000,1
6,3,962300,17100,0.996364
7,3,1124100,20100,1
8,3,1282000,22500,1
1,4,200500,3000,0.996364
2,4,434400,6500,0.996364
3,4,647300,9500,0.996364
4,4,863200,12900,1
5,4,1083500,14800,1
6,4,1173700,17300,1
7,4,1362800,20200,1
8,4,1708600,25100,1
1,1,140500,2700,0.836364
2,1,279100,5500,0.872727
3,1,416900,8100,0.861818
4,1,533200,9800,0.869091
5,1,636800,12200,0.850909
6,1,763600,14700,0.861818
7,1,891200,16900,0.861818
8,1,1348900,19400,0.861818
1,2,146800,2900,0.916364
2,2,289300,5400,0.916364
3,2,431300,8000,0.92
4,2,577700,11200,0.916364
5,2,745200,13700,0.934545
6,2,866100,16500,0.927273
7,2,1006900,19100,0.938182
8,2,1152500,22300,0.927273
1,3,163600,3000,0.989091
2,3,322200,5800,0.992727
3,3,517300,9400,1
4,3,645600,11700,1
5,3,805200,14300,1
6,3,962000,17100,0.996364
7,3,1125000,20300,1
8,3,1280400,22600,1
1,4,199400,3100,0.996364
2,4,476600,6600,0.996364
3,4,588100,8600,0.996364
4,4,793500,11700,1
5,4,976600,14500,1
6,4,1671900,24500,1
7,4,1362500,20100,1
8,4,1551100,22500,1
1,1,127400,2500,0.836364
2,1,253700,4900,0.872727
3,1,379000,7400,0.861818
4,1,506000,9700,0.869091
5,1,632100,12100,0.850909
6,1,758000,14600,0.861818
7,1,911000,16900,0.861818
8,1,1008600,19300,0.861818
1,2,147000,2900,0.916364
2,2,289000,5500,0.916364
3,2,430900,8200,0.92
4,2,576200,11100,0.916364
5,2,722000,13800,0.934545
6,2,865200,16600,0.927273
7,2,1007600,19400,0.938182
8,2,1176600,22000,0.927273
1,3,181100,3300,0.989091
2,3,355100,6500,0.992727
3,3,530100,9500,1
4,3,738400,11600,1
5,3,804700,14300,1
6,3,962800,16900,0.996364
7,3,1123200,20000,1
8,3,1281500,22600,1
1,4,199900,3000,0.996364
2,4,393700,6000,0.996364
3,4,647400,9600,0.996364
4,4,861600,12800,1
5,4,1075400,16100,1
6,4,1180700,17300,1
7,4,1500700,22200,1
8,4,1708800,25000,1
1,1,140800,2800,0.836364
2,1,279600,5400,0.872727
3,1,417100,8000,0.861818
4,1,522300,10200,0.869091
5,1,632500,12200,0.850909
6,1,758600,14600,0.861818
7,1,884300,17200,0.861818
8,1,1008800,19300,0.861818
1,2,146500,3000,0.916364
2,2,288900,5500,0.916364
3,2,431300,8000,0.92
4,2,576300,10900,0.916364
5,2,721500,13800,0.934545
6,2,866800,16500,0.927273
7,2,1008500,19200,0.938182
8,2,1151300,21900,0.927273
1,3,163500,3000,0.989091
2,3,322700,5900,0.992727
3,3,482500,8800,1
4,3,643700,11600,1
5,3,804300,14200,1
6,3,1071900,19200,0.996364
7,3,1255800,22000,1
8,3,1470900,25300,1
1,4,254700,3300,0.996364
2,4,468700,6600,0.996364
3,4,650100,9500,0.996364
4,4,863900,12900,1
5,4,1487700,19200,1
6,4,1288200,19000,1
7,4,1550000,22200,1
8,4,4930700,62300,1
1,1,375500,9000,0.836364
2,1,724000,12400,0.872727
3,1,385000,7600,0.861818
4,1,510900,9800,0.869091
5,1,638400,12100,0.850909
6,1,832100,17200,0.861818
7,1,961700,17000,0.861818
8,1,1015900,19400,0.861818
1,2,147400,2900,0.916364
2,2,290100,5400,0.916364
3,2,433500,8100,0.92
4,2,636400,12200,0.916364
5,2,794100,15100,0.934545
6,2,953000,18200,0.927273
7,2,1228700,19300,0.938182
8,2,1159400,21900,0.927273
1,3,164000,3000,0.989091
2,3,323300,5900,0.992727
3,3,514800,9100,1
4,3,644300,11500,1
5,3,804200,14200,1
6,3,963000,17100,0.996364
7,3,1123700,20000,1
8,3,1281700,22800,1
1,4,294000,3100,0.996364
2,4,394500,5900,0.996364
3,4,588300,8600,0.996364
4,4,785000,11800,1
5,4,978000,14500,1
6,4,1171900,17200,1
7,4,1361300,20100,1
8,4,1701400,25000,1
1,1,140700,2800,0.836364
2,1,279100,5500,0.872727
3,1,417100,8100,0.861818
4,1,506300,9800,0.869091
5,1,632400,12200,0.850909
6,1,758500,14600,0.861818
7,1,884200,17000,0.861818
8,1,1116900,19300,0.861818
1,2,146400,3000,0.916364
2,2,289100,5400,0.916364
3,2,431100,8200,0.92
4,2,575700,11100,0.916364
5,2,726000,13900,0.934545
6,2,871600,16500,0.927273
7,2,1014700,19200,0.938182
8,2,1265500,21900,0.927273
1,3,164500,3000,0.989091
2,3,323000,5900,0.992727
3,3,482800,8700,1
4,3,645600,11600,1
5,3,804200,14400,1
6,3,963000,17000,0.996364
7,3,1122400,20000,1
8,3,1283600,22600,1
1,4,200600,3000,0.996364
2,4,394200,5900,0.996364
3,4,588500,8600,0.996364
4,4,784800,11800,1
5,4,978600,14600,1
6,4,1171200,17300,1
7,4,1363500,20100,1
8,4,1550400,22600,1
1,1,127500,2500,0.836364
2,1,253700,4900,0.872727
3,1,379100,7300,0.861818
4,1,506100,9700,0.869091
5,1,631900,12000,0.850909
6,1,758400,14600,0.861818
7,1,884100,16900,0.861818
8,1,1009400,19400,0.861818
1,2,146500,3000,0.916364
2,2,289000,5400,0.916364
3,2,431700,8100,0.92
4,2,576300,11100,0.916364
5,2,721500,13800,0.934545
6,2,867000,16300,0.927273
7,2,1007800,19200,0.938182
8,2,1153700,22000,0.927273
1,3,164000,3000,0.989091
2,3,323600,6000,0.992727
3,3,483300,8600,1
4,3,644900,11600,1
5,3,804500,14100,1
6,3,964300,17000,0.996364
7,3,1123400,19800,1
8,3,1280900,22800,1
1,4,224100,3000,0.996364
2,4,393600,5800,0.996364
3,4,586700,8600,0.996364
4,4,878700,11700,1
5,4,978000,14300,1
6,4,1168600,17300,1
7,4,1498200,20100,1
8,4,1553100,22600,1
1,1,127500,2500,0.836364
2,1,253500,5000,0.872727
3,1,379000,7400,0.861818
4,1,506800,9800,0.869091
5,1,632600,12200,0.850909
6,1,758500,14600,0.861818
7,1,884500,17000,0.861818
8,1,1604300,21500,0.861818
1,2,148500,2900,0.916364
2,2,290200,5500,0.916364
3,2,431800,8100,0.92
4,2,581400,11200,0.916364
5,2,722600,14000,0.934545
6,2,866300,16600,0.927273
7,2,1073500,19300,0.938182
8,2,1151500,22100,0.927273
1,3,163600,3000,0.989091
2,3,321900,5900,0.992727
3,3,572000,10300,1
4,3,644500,11700,1
5,3,804400,14100,1
6,3,962200,17000,0.996364
7,3,1124500,19900,1
8,3,1280100,22600,1
1,4,276700,3400,0.996364
2,4,395000,6100,0.996364
3,4,587900,8500,0.996364
4,4,784600,11700,1
5,4,1080400,16200,1
6,4,1292600,19000,1
7,4,1505200,22800,1
8,4,2421000,28300,1
1,1,271400,3300,0.836364
2,1,543800,6400,0.872727
3,1,821200,12300,0.861818
4,1,557400,10800,0.869091
5,1,695900,13400,0.850909
6,1,833900,15900,0.861818
7,1,973100,18800,0.861818
8,1,2470300,39700,0.861818
1,2,963200,4000,0.916364
2,2,303600,5600,0.916364
3,2,509700,8300,0.92
4,2,588600,11200,0.916364
5,2,745100,13900,0.934545
6,2,877300,16500,0.927273
7,2,1009300,19300,0.938182
8,2,1186600,22100,0.927273
1,3,163600,3100,0.989091
2,3,322700,5900,0.992727
3,3,926100,11900,1
4,3,1262600,15700,1
5,3,863400,14300,1
6,3,962900,17200,0.996364
7,3,1123300,20000,1
8,3,1281800,22800,1
1,4,199700,3100,0.996364
2,4,393500,5900,0.996364
3,4,741500,8700,0.996364
4,4,784100,11700,1
5,4,977300,14500,1
6,4,1224600,21900,1
7,4,1506400,22100,1
8,4,2116900,25100,1
1,1,140800,2700,0.836364
2,1,253800,4900,0.872727
3,1,590500,17000,0.861818
4,1,655600,10800,0.869091
5,1,632600,12200,0.850909
6,1,758600,14500,0.861818
7,1,884500,16900,0.861818
8,1,1009500,19400,0.861818
1,2,147800,2900,0.916364
2,2,289000,5600,0.916364
3,2,431100,8000,0.92
4,2,594300,11200,0.916364
5,2,767800,13800,0.934545
6,2,866900,16300,0.927273
7,2,1007100,19100,0.938182
8,2,1268300,24300,0.927273
1,3,164400,3000,0.989091
2,3,323800,5900,0.992727
3,3,483400,8700,1
4,3,794800,12800,1
5,3,885000,15600,1
6,3,1059200,18800,0.996364
7,3,1235800,21900,1
8,3,1408400,24900,1
1,4,219400,3400,0.996364
2,4,432600,6500,0.996364
3,4,646700,9500,0.996364
4,4,861000,12800,1
5,4,1075000,15800,1
6,4,1172100,17400,1
7,4,1362200,20000,1
8,4,1678700,22700,1
1,1,127600,2500,0.836364
2,1,253700,4900,0.872727
3,1,378800,7400,0.861818
4,1,505700,9600,0.869091
5,1,746600,12100,0.850909
6,1,758600,14600,0.861818
7,1,884400,16900,0.861818
8,1,1009000,19200,0.861818
1,2,146900,3000,0.916364
2,2,290300,5600,0.916364
3,2,431800,8200,0.92
4,2,576300,11100,0.916364
5,2,721400,13800,0.934545
6,2,867900,16400,0.927273
7,2,1037000,19300,0.938182
8,2,1150400,21900,0.927273
1,3,163700,3100,0.989091
2,3,323800,6000,0.992727
3,3,482800,8700,1
4,3,645200,11600,1
5,3,940600,14200,1
6,3,963000,17000,0.996364
7,3,1122800,19900,1
8,3,1280600,22800,1
1,4,199900,3000,0.996364
2,4,393200,5900,0.996364
3,4,588000,8600,0.996364
4,4,785900,11800,1
5,4,977800,14600,1
6,4,1171800,17300,1
7,4,1364000,20200,1
8,4,1550300,22700,1
1,1,127500,2500,0.836364
2,1,253500,5000,0.872727
3,1,378900,7400,0.861818
4,1,505900,9800,0.869091
5,1,632200,12100,0.850909
6,1,758200,14600,0.861818
7,1,884700,16800,0.861818
8,1,1009800,19400,0.861818
1,2,146100,2900,0.916364
2,2,288900,5500,0.916364
3,2,431000,8100,0.92
4,2,577600,11100,0.916364
5,2,721700,13900,0.934545
6,2,867000,16600,0.927273
7,2,1006000,19100,0.938182
8,2,1152000,21900,0.927273
1,3,164200,3000,0.989091
2,3,322600,5800,0.992727
3,3,482700,8700,1
4,3,645800,11500,1
5,3,805000,14200,1
6,3,963100,17200,0.996364
7,3,1239800,21900,1
8,3,1280800,22900,1
1,4,199900,3100,0.996364
2,4,393900,5900,0.996364
3,4,588100,8600,0.996364
4,4,782000,11600,1
5,4,1127200,14500,1
6,4,1171500,17200,1
7,4,1358000,20300,1
8,4,1713200,22600,1
1,1,127500,2600,0.836364
2,1,253700,5000,0.872727
3,1,378900,7400,0.861818
4,1,505400,9600,0.869091
5,1,632400,12000,0.850909
6,1,758300,14500,0.861818
7,1,884600,17000,0.861818
8,1,1008700,19200,0.861818
1,2,146400,3000,0.916364
2,2,289700,5500,0.916364
3,2,454900,8100,0.92
4,2,575700,11100,0.916364
5,2,720600,13800,0.934545
6,2,867700,16600,0.927273
7,2,1007400,19200,0.938182
8,2,1152900,21900,0.927273
1,3,163300,3000,0.989091
2,3,323400,5900,0.992727
3,3,482300,8700,1
4,3,644200,11500,1
5,3,915100,14100,1
6,3,963100,17100,0.996364
7,3,1146500,19900,1
8,3,1281400,22700,1
1,4,304900,3000,0.996364
2,4,394200,6000,0.996364
3,4,589100,8500,0.996364
4,4,784300,11700,1
5,4,978300,14300,1
6,4,1169600,17200,1
7,4,1499900,22200,1
8,4,1705300,24800,1
1,1,140800,2700,0.836364
2,1,278900,5400,0.872727
3,1,416800,8200,0.861818
4,1,556400,10600,0.869091
5,1,695100,13300,0.850909
6,1,837200,16100,0.861818
7,1,893000,17000,0.861818
8,1,1018500,19300,0.861818
1,2,147700,2900,0.916364
2,2,291000,5500,0.916364
3,2,434100,8100,0.92
4,2,578900,11000,0.916364
5,2,724300,13900,0.934545
6,2,870800,16400,0.927273
7,2,1015100,19200,0.938182
8,2,1161400,22100,0.927273
1,3,163900,3000,0.989091
2,3,323900,5900,0.992727
3,3,482700,8800,1
4,3,644400,11600,1
5,3,804200,14200,1
6,3,1115400,17100,0.996364
7,3,1124100,20000,1
8,3,1280500,22600,1
1,4,198900,3100,0.996364
2,4,394000,6000,0.996364
3,4,587800,8600,0.996364
4,4,781900,11600,1
5,4,977900,14500,1
6,4,1171200,17100,1
7,4,1362100,20300,1
8,4,1551200,22700,1
1,1,127400,2500,0.836364
2,1,253600,4900,0.872727
3,1,379000,7400,0.861818
4,1,505700,9800,0.869091
5,1,632800,12200,0.850909
6,1,795400,14600,0.861818
7,1,884700,17000,0.861818
8,1,1008900,19300,0.861818
1,2,146500,2900,0.916364
2,2,289400,5500,0.916364
3,2,431200,8200,0.92
4,2,576500,11000,0.916364
5,2,722000,13900,0.934545
6,2,866700,16400,0.927273
7,2,1029600,19200,0.938182
8,2,1151400,21900,0.927273
1,3,163400,3000,0.989091
2,3,322300,5900,0.992727
3,3,482300,8700,1
4,3,644700,11500,1
5,3,804600,14400,1
6,3,963100,17000,0.996364
7,3,1123600,20000,1
8,3,1282500,22900,1
1,4,200200,3000,0.996364
2,4,393400,5900,0.996364
3,4,706200,8500,0.996364
4,4,783700,11600,1
5,4,977500,14400,1
6,4,1170400,17300,1
7,4,1360900,20100,1
8,4,1549500,22600,1
1,1,149900,2500,0.836364
2,1,254200,4900,0.872727
3,1,379200,7400,0.861818
4,1,505800,9800,0.869091
5,1,632200,12300,0.850909
6,1,757600,14700,0.861818
7,1,884700,17100,0.861818
8,1,1009400,19300,0.861818
1,2,146400,3000,0.916364
2,2,289100,5500,0.916364
3,2,491900,9400,0.92
4,2,576500,11100,0.916364
5,2,721900,13800,0.934545
6,2,865500,16400,0.927273
7,2,1430200,19400,0.938182
8,2,1152500,21900,0.927273
1,3,163600,3000,0.989091
2,3,322800,5900,0.992727
3,3,498600,8700,1
4,3,643600,11600,1
5,3,803700,14300,1
6,3,1219700,17200,0.996364
7,3,1124900,20000,1
8,3,1281600,22600,1
1,4,199800,3100,0.996364
2,4,394000,6000,0.996364
3,4,588100,8700,0.996364
4,4,785900,11700,1
5,4,977700,14600,1
6,4,1170200,17100,1
7,4,1356400,20100,1
8,4,1550600,22600,1
1,1,127400,2500,0.836364
2,1,253300,4900,0.872727
3,1,379000,7500,0.861818
4,1,609400,9600,0.869091
5,1,631900,12200,0.850909
6,1,757800,14500,0.861818
7,1,884700,16900,0.861818
8,1,1008900,19300,0.861818
1,2,146600,2900,0.916364
2,2,289200,5500,0.916364
3,2,431200,8100,0.92
4,2,575900,11000,0.916364
5,2,722100,13900,0.934545
6,2,866700,16600,0.927273
7,2,1030700,19100,0.938182
8,2,1152900,21900,0.927273
1,3,163800,3000,0.989091
2,3,322600,5800,0.992727
3,3,481700,8700,1
4,3,643600,11500,1
5,3,804500,14200,1
6,3,963100,17200,0.996364
7,3,1124000,19900,1
8,3,1281200,22700,1
1,4,199400,3100,0.996364
2,4,393300,6000,0.996364
3,4,671000,8600,0.996364
4,4,783500,11700,1
5,4,977100,14500,1
6,4,1170700,17300,1
7,4,1363800,20000,1
8,4,1550000,22600,1
1,1,127200,2500,0.836364
2,1,254100,5000,0.872727
3,1,378800,7400,0.861818
4,1,505900,9700,0.869091
5,1,632100,12100,0.850909
6,1,758000,14500,0.861818
7,1,884200,17100,0.861818
8,1,1008800,19200,0.861818
1,2,146200,3000,0.916364
2,2,288900,5500,0.916364
3,2,476700,9100,0.92
4,2,635100,12200,0.916364
5,2,793800,15100,0.934545
6,2,952400,18100,0.927273
7,2,1118100,21000,0.938182
8,2,1267400,24200,0.927273
1,3,180000,3400,0.989091
2,3,356300,6600,0.992727
3,3,531700,9500,1
4,3,710000,12700,1
5,3,883300,15600,1
6,3,965700,17000,0.996364
7,3,1126000,19900,1
8,3,1282100,22800,1
1,4,200100,3100,0.996364
2,4,393000,5900,0.996364
3,4,587800,8600,0.996364
4,4,896700,11800,1
5,4,976700,14300,1
6,4,1170300,17200,1
7,4,1465700,20200,1
8,4,1551500,22500,1
1,1,127300,2500,0.836364
2,1,253500,4900,0.872727
3,1,446000,10600,0.861818
4,1,505900,9800,0.869091
5,1,631800,12100,0.850909
6,1,758000,14700,0.861818
7,1,884200,17000,0.861818
8,1,1008800,19300,0.861818
1,2,146200,3000,0.916364
2,2,289100,5500,0.916364
3,2,431000,8000,0.92
4,2,664900,11100,0.916364
5,2,721600,13900,0.934545
6,2,865500,16300,0.927273
7,2,1008200,19300,0.938182
8,2,1341300,24500,0.927273
1,3,186700,3200,0.989091
2,3,323300,5900,0.992727
3,3,483000,8700,1
4,3,645800,11500,1
5,3,803700,14200,1
6,3,962700,16800,0.996364
7,3,1124500,19900,1
8,3,1281600,22700,1
1,4,199900,3100,0.996364
2,4,393200,6100,0.996364
3,4,588100,8500,0.996364
4,4,784600,11700,1
5,4,976900,14500,1
6,4,1172200,17200,1
7,4,1362900,20100,1
8,4,1551300,22700,1
1,1,128500,2600,0.836364
2,1,255600,4900,0.872727
3,1,381900,7300,0.861818
4,1,509500,9700,0.869091
5,1,637100,12100,0.850909
6,1,949200,16100,0.861818
7,1,972900,18700,0.861818
8,1,1110000,21400,0.861818
1,2,151800,3000,0.916364
2,2,289300,5400,0.916364
3,2,431600,8000,0.92
4,2,576100,11200,0.916364
5,2,944700,15200,0.934545
6,2,867400,16600,0.927273
7,2,1007300,19100,0.938182
8,2,1151500,21900,0.927273
1,3,164600,3100,0.989091
2,3,323400,5800,0.992727
3,3,482100,8600,1
4,3,644600,11600,1
5,3,805200,14200,1
6,3,962700,17000,0.996364
7,3,1123200,20000,1
8,3,1284000,22800,1
1,4,200300,3000,0.996364
2,4,393200,6000,0.996364
3,4,586700,8600,0.996364
4,4,785800,11800,1
5,4,977400,14400,1
6,4,1168600,17100,1
7,4,1361600,20100,1
8,4,1550500,22600,1
1,1,127600,2500,0.836364
2,1,253800,5000,0.872727
3,1,379000,7300,0.861818
4,1,505600,9700,0.869091
5,1,631900,12100,0.850909
6,1,758400,14600,0.861818
7,1,998600,16900,0.861818
8,1,1008900,19300,0.861818
1,2,146600,2900,0.916364
2,2,289100,5500,0.916364
3,2,477200,9100,0.92
4,2,634200,12300,0.916364
5,2,794100,15200,0.934545
6,2,953600,18100,0.927273
7,2,1012300,19300,0.938182
8,2,1158800,22000,0.927273
1,3,163700,3000,0.989091
2,3,322800,5900,0.992727
3,3,484200,8600,1
4,3,645500,11500,1
5,3,804900,14100,1
6,3,1067700,17000,0.996364
7,3,1124700,20000,1
8,3,1283200,22600,1
1,4,200600,3000,0.996364
2,4,394100,5900,0.996364
3,4,587400,8600,0.996364
4,4,783900,11700,1
5,4,978600,14600,1
6,4,1171000,17200,1
7,4,1361700,20100,1
8,4,1551200,22600,1
1,1,127900,2500,0.836364
2,1,253500,5000,0.872727
3,1,378900,7300,0.861818
4,1,588300,9800,0.869091
5,1,632600,12200,0.850909
6,1,757900,14600,0.861818
7,1,884000,16900,0.861818
8,1,1008700,19300,0.861818
1,2,146300,2900,0.916364
2,2,289000,5500,0.916364
3,2,430900,8300,0.92
4,2,575800,11100,0.916364
5,2,803100,13700,0.934545
6,2,865600,16500,0.927273
7,2,1005900,19100,0.938182
8,2,1152800,22000,0.927273
1,3,163800,3100,0.989091
2,3,322600,5900,0.992727
3,3,482000,8700,1
4,3,644500,11600,1
5,3,805100,14300,1
6,3,963200,17000,0.996364
7,3,1122900,19900,1
8,3,1281500,22600,1
1,4,200000,3000,0.996364
2,4,392700,6000,0.996364
3,4,699000,8700,0.996364
4,4,783800,11600,1
5,4,977400,14400,1
6,4,1276600,20700,1
7,4,1362000,20100,1
8,4,1551800,22600,1
1,1,127500,2500,0.836364
2,1,294200,5400,0.872727
3,1,417000,8200,0.861818
4,1,556600,10700,0.869091
5,1,695800,13400,0.850909
6,1,899200,14600,0.861818
7,1,891400,17100,0.861818
8,1,1016700,19600,0.861818
1,2,147200,2900,0.916364
2,2,290300,5600,0.916364
3,2,433300,8200,0.92
4,2,579900,11100,0.916364
5,2,725100,13900,0.934545
6,2,869800,16500,0.927273
7,2,1007600,19200,0.938182
8,2,1151800,22000,0.927273
1,3,163600,3000,0.989091
2,3,322600,5900,0.992727
3,3,482900,8600,1
4,3,645600,11700,1
5,3,829100,14300,1
6,3,966800,17000,0.996364
7,3,1126000,19900,1
8,3,1284100,22500,1
1,4,200000,3000,0.996364
2,4,393000,5900,0.996364
3,4,587700,8600,0.996364
4,4,783500,11600,1
5,4,977100,14400,1
6,4,1171100,17300,1
7,4,1363400,20200,1
8,4,1551600,22800,1
1,1,127400,2500,0.836364
2,1,253400,5000,0.872727
3,1,378900,7500,0.861818
4,1,510200,9700,0.869091
5,1,637300,12200,0.850909
6,1,763900,14500,0.861818
7,1,891400,16900,0.861818
8,1,2432200,21500,0.861818
1,2,162100,3200,0.916364
2,2,318100,6100,0.916364
3,2,474400,8900,0.92
4,2,634800,12100,0.916364
5,2,814800,15300,0.934545
6,2,953500,18300,0.927273
7,2,1108200,21100,0.938182
8,2,1267100,24300,0.927273
1,3,164100,3000,0.989091
2,3,322900,5900,0.992727
3,3,550800,10000,1
4,3,644300,11600,1
5,3,803800,14300,1
6,3,963100,17000,0.996364
7,3,1124200,20000,1
8,3,1308100,22600,1
1,4,200000,3100,0.996364
2,4,394600,6000,0.996364
3,4,587400,8600,0.996364
4,4,784400,11600,1
5,4,978800,14600,1
6,4,1171500,17200,1
7,4,1363300,20000,1
8,4,1551600,22600,1
1,1,127700,2500,0.836364
2,1,253500,4900,0.872727
3,1,378800,7400,0.861818
4,1,505800,9700,0.869091
5,1,632100,12200,0.850909
6,1,758000,14500,0.861818
7,1,883900,16900,0.861818
8,1,1032200,19400,0.861818
1,2,146500,3000,0.916364
2,2,288800,5500,0.916364
3,2,431600,8100,0.92
4,2,577100,11200,0.916364
5,2,722000,13700,0.934545
6,2,867600,16500,0.927273
7,2,1007800,19200,0.938182
8,2,1152200,22100,0.927273
1,3,163900,3000,0.989091
2,3,322600,5900,0.992727
3,3,482200,8800,1
4,3,644100,11600,1
5,3,805200,14200,1
6,3,962300,17200,0.996364
7,3,1123100,19800,1
8,3,1351200,22700,1
1,4,199500,3000,0.996364
2,4,392700,6100,0.996364
3,4,587800,8600,0.996364
4,4,785400,11800,1
5,4,977100,14500,1
6,4,1171400,17100,1
7,4,1386800,20200,1
8,4,1550200,22700,1
1,1,127300,2500,0.836364
2,1,253500,5000,0.872727
3,1,379500,7500,0.861818
4,1,506000,9600,0.869091
5,1,632600,12000,0.850909
6,1,758300,14500,0.861818
7,1,977600,17200,0.861818
8,1,1008600,19300,0.861818
1,2,146400,2900,0.916364
2,2,289400,5500,0.916364
3,2,430900,8100,0.92
4,2,576900,11000,0.916364
5,2,721600,13700,0.934545
6,2,866800,16400,0.927273
7,2,1007200,19100,0.938182
8,2,1153900,22000,0.927273
1,3,163800,3000,0.989091
2,3,322500,5800,0.992727
3,3,485200,8600,1
4,3,645100,11700,1
5,3,804000,14300,1
6,3,963100,17000,0.996364
7,3,1125500,20100,1
8,3,1280500,22600,1
1,4,199500,3000,0.996364
2,4,394500,6000,0.996364
3,4,587600,8600,0.996364
4,4,783400,11700,1
5,4,1063200,14400,1
6,4,1171200,17400,1
7,4,1385100,20100,1
8,4,1550900,22600,1
1,1,127600,2500,0.836364
2,1,253600,4900,0.872727
3,1,378800,7400,0.861818
4,1,505700,9700,0.869091
5,1,632100,12100,0.850909
6,1,757900,14600,0.861818
7,1,884300,16900,0.861818
8,1,1009000,19400,0.861818
1,2,237300,4300,0.916364
2,2,289200,5600,0.916364
3,2,431600,8100,0.92
4,2,577700,11000,0.916364
5,2,745000,13800,0.934545
6,2,866800,16500,0.927273
7,2,1006400,19200,0.938182
8,2,1153200,22100,0.927273
1,3,243600,3000,0.989091
2,3,323100,5900,0.992727
3,3,482200,8700,1
4,3,644700,11500,1
5,3,895300,15800,1
6,3,963000,17000,0.996364
7,3,1123300,19900,1
8,3,1376500,22900,1
1,4,200000,3000,0.996364
2,4,392900,5900,0.996364
3,4,587700,8500,0.996364
4,4,806600,11700,1
5,4,976400,14700,1
6,4,1170600,17300,1
7,4,1362100,20100,1
8,4,1550400,22700,1
1,1,127300,2500,0.836364
2,1,253700,4900,0.872727
3,1,379200,7400,0.861818
4,1,505400,9700,0.869091
5,1,631700,12200,0.850909
6,1,757700,14400,0.861818
7,1,1735500,23400,0.861818
8,1,1947300,26800,0.861818
1,2,293700,4000,0.916364
2,2,323600,6100,0.916364
3,2,865300,19400,0.92
4,2,1161700,15100,0.916364
5,2,1501600,26300,0.934545
6,2,980400,18100,0.927273
7,2,2127100,26400,0.938182
8,2,2397900,38800,0.927273
1,3,348800,3300,0.989091
2,3,355800,6400,0.992727
3,3,566000,9600,1
4,3,744900,12700,1
5,3,1668800,20400,1
6,3,1963100,24600,0.996364
7,3,1408400,22000,1
8,3,1417800,25400,1
1,4,222300,3400,0.996364
2,4,438900,6800,0.996364
3,4,655000,9600,0.996364
4,4,870700,13100,1
5,4,1086300,16100,1
6,4,1502500,19000,1
7,4,1507500,22800,1
8,4,1722800,25200,1
1,1,143200,2800,0.836364
2,1,285600,5400,0.872727
3,1,423900,8100,0.861818
4,1,565600,10600,0.869091
5,1,706800,13300,0.850909
6,1,1026300,16100,0.861818
7,1,983900,18600,0.861818
8,1,1124300,21600,0.861818
1,2,307300,4200,0.916364
2,2,324200,6400,0.916364
3,2,478700,9200,0.92
4,2,644100,12800,0.916364
5,2,798200,15200,0.934545
6,2,957000,18800,0.927273
7,2,1117300,21600,0.938182
8,2,1280300,26900,0.927273
1,3,182600,3400,0.989091
2,3,359200,6600,0.992727
3,3,536200,9600,1
4,3,716100,13000,1
5,3,891500,15600,1
6,3,1729600,23200,0.996364
7,3,1251300,21900,1
8,3,1425400,25400,1
1,4,223700,3500,0.996364
2,4,437100,6600,0.996364
3,4,653500,9600,0.996364
4,4,873900,13000,1
5,4,1093900,16600,1
6,4,1293900,19300,1
7,4,1503500,22600,1
8,4,1728200,25400,1
1,1,142100,2800,0.836364
2,1,284700,5400,0.872727
3,1,420600,8300,0.861818
4,1,561300,10900,0.869091
5,1,699400,13400,0.850909
6,1,842200,16200,0.861818
7,1,978600,18700,0.861818
8,1,1119000,21700,0.861818
1,2,163400,3300,0.916364
2,2,584800,7700,0.916364
3,2,477400,9100,0.92
4,2,637700,12300,0.916364
5,2,800200,15300,0.934545
6,2,955300,18300,0.927273
7,2,1113400,21200,0.938182
8,2,1505100,24400,0.927273
1,3,182300,3600,0.989091
2,3,359200,6600,0.992727
3,3,537900,9700,1
4,3,735200,12700,1
5,3,892400,15900,1
6,3,1067900,19100,0.996364
7,3,1246000,22300,1
8,3,1428400,25100,1
1,4,221800,3500,0.996364
2,4,436900,6600,0.996364
3,4,650900,9600,0.996364
4,4,869400,13000,1
5,4,1088200,15900,1
6,4,1292200,19000,1
7,4,1705800,27700,1
8,4,1713600,25000,1
1,1,143400,2900,0.836364
2,1,280800,5500,0.872727
3,1,422500,8400,0.861818
4,1,560400,10700,0.869091
5,1,699500,13300,0.850909
6,1,836800,15900,0.861818
7,1,1434800,30700,0.861818
8,1,1113900,21300,0.861818
1,2,163500,3600,0.916364
2,2,319500,6100,0.916364
3,2,478900,9400,0.92
4,2,638700,12200,0.916364
5,2,797800,15100,0.934545
6,2,957300,18100,0.927273
7,2,1120200,21600,0.938182
8,2,1287600,24300,0.927273
1,3,183000,3400,0.989091
2,3,580400,7700,0.992727
3,3,598100,9700,1
4,3,714300,12800,1
5,3,889300,16000,1
6,3,1073800,18900,0.996364
7,3,1252500,24000,1
8,3,1418600,25100,1
1,4,224300,3500,0.996364
2,4,440700,7200,0.996364
3,4,1138300,12600,0.996364
4,4,870000,13300,1
5,4,1148700,16200,1
6,4,1294800,19000,1
7,4,1523600,22400,1
8,4,1722100,25400,1
1,1,144300,2700,0.836364
2,1,283000,5400,0.872727
3,1,424000,8200,0.861818
4,1,561600,10800,0.869091
5,1,701400,13400,0.850909
6,1,839700,16200,0.861818
7,1,977500,18700,0.861818
8,1,1121000,21300,0.861818
1,2,163800,3300,0.916364
2,2,321400,6100,0.916364
3,2,477700,9100,0.92
4,2,642200,12700,0.916364
5,2,799400,15200,0.934545
6,2,954200,18200,0.927273
7,2,1228300,21200,0.938182
8,2,1274000,24300,0.927273
1,3,181800,3300,0.989091
2,3,358900,6400,0.992727
3,3,537600,9800,1
4,3,711800,12900,1
5,3,890100,15500,1
6,3,1331200,19100,0.996364
7,3,1248300,22300,1
8,3,1421200,25100,1
1,4,222900,3500,0.996364
2,4,436600,6600,0.996364
3,4,646800,9400,0.996364
4,4,871500,13100,1
5,4,1084000,16100,1
6,4,1507600,19200,1
7,4,1521400,22400,1
8,4,1711500,24900,1
1,1,237000,3700,0.836364
2,1,466200,6900,0.872727
3,1,424800,8200,0.861818
4,1,568800,10900,0.869091
5,1,706000,13800,0.850909
6,1,839100,16400,0.861818
7,1,979200,18700,0.861818
8,1,1118900,21300,0.861818
1,2,164400,3200,0.916364
2,2,323400,6500,0.916364
3,2,480300,9000,0.92
4,2,643600,12500,0.916364
5,2,800600,15300,0.934545
6,2,956200,18400,0.927273
7,2,1113600,21700,0.938182
8,2,1280900,24300,0.927273
1,3,182300,3600,0.989091
2,3,358300,6400,0.992727
3,3,878500,11500,1
4,3,714200,12900,1
5,3,889300,16000,1
6,3,1186500,18700,0.996364
7,3,1240500,22200,1
8,3,1414600,25400,1
1,4,225200,3500,0.996364
2,4,435300,6500,0.996364
3,4,652300,9500,0.996364
4,4,1443300,13000,1
5,4,1084000,16200,1
6,4,1294200,19500,1
7,4,1504600,22400,1
8,4,1708400,24900,1
1,1,141500,2800,0.836364
2,1,314700,5400,0.872727
3,1,421000,8100,0.861818
4,1,561400,10700,0.869091
5,1,701900,13300,0.850909
6,1,841200,15900,0.861818
7,1,972600,18600,0.861818
8,1,1110000,21200,0.861818
1,2,161400,3300,0.916364
2,2,317900,6200,0.916364
3,2,476000,9000,0.92
4,2,633700,12200,0.916364
5,2,792500,15100,0.934545
6,2,1050300,18400,0.927273
7,2,1008200,19200,0.938182
8,2,1151300,22000,0.927273
1,3,163800,3000,0.989091
2,3,323000,5900,0.992727
3,3,482200,8700,1
4,3,643400,11700,1
5,3,803900,14200,1
6,3,1087700,18700,0.996364
7,3,1236800,22100,1
8,3,1408500,25100,1
1,4,220500,3400,0.996364
2,4,432100,6500,0.996364
3,4,646300,9500,0.996364
4,4,863500,12900,1
5,4,1075100,16000,1
6,4,1288900,19100,1
7,4,1498300,22100,1
8,4,1551300,22600,1
1,1,127500,2500,0.836364
2,1,253500,4900,0.872727
3,1,379300,7400,0.861818
4,1,505100,9700,0.869091
5,1,632600,12200,0.850909
6,1,757800,14400,0.861818
7,1,1100300,18800,0.861818
8,1,1010600,19300,0.861818
1,2,147700,2900,0.916364
2,2,289400,5600,0.916364
3,2,433300,8200,0.92
4,2,576700,11200,0.916364
5,2,720000,13900,0.934545
6,2,865500,16600,0.927273
7,2,1007200,19200,0.938182
8,2,1152700,22000,0.927273
1,3,164300,2900,0.989091
2,3,323100,5900,0.992727
3,3,483500,8700,1
4,3,644100,11600,1
5,3,804400,14200,1
6,3,1079900,17200,0.996364
7,3,1124000,20000,1
8,3,1281100,22800,1
1,4,200200,3100,0.996364
2,4,394900,6000,0.996364
3,4,588400,8600,0.996364
4,4,784500,11800,1
5,4,1075400,16100,1
6,4,1288000,18900,1
7,4,1498900,21900,1
8,4,1706600,24900,1
1,1,140000,2800,0.836364
2,1,279100,5400,0.872727
3,1,416900,8200,0.861818
4,1,556500,10800,0.869091
5,1,695200,13300,0.850909
6,1,833600,16100,0.861818
7,1,972800,18600,0.861818
8,1,1033300,19300,0.861818
1,2,146300,2900,0.916364
2,2,288900,5500,0.916364
3,2,432400,8100,0.92
4,2,656600,12700,0.916364
5,2,721900,13800,0.934545
6,2,867000,16600,0.927273
7,2,1007000,19300,0.938182
8,2,1154000,22100,0.927273
1,3,163700,3100,0.989091
2,3,323100,5800,0.992727
3,3,482400,8700,1
4,3,645700,11600,1
5,3,803500,14200,1
6,3,961500,16900,0.996364
7,3,1435500,27700,1
8,3,1318600,22800,1
1,4,199500,3000,0.996364
2,4,392000,5900,0.996364
3,4,587600,8600,0.996364
4,4,784100,11700,1
5,4,977900,14600,1
6,4,1172400,17400,1
7,4,1392800,20200,1
8,4,1551100,22600,1
1,1,127700,2500,0.836364
2,1,253600,5000,0.872727
3,1,379000,7400,0.861818
4,1,505800,9700,0.869091
5,1,632400,12200,0.850909
6,1,759000,14700,0.861818
7,1,884100,17100,0.861818
8,1,1008800,19300,0.861818
1,2,146300,3000,0.916364
2,2,289600,5600,0.916364
3,2,430700,8200,0.92
4,2,577500,11100,0.916364
5,2,722800,13800,0.934545
6,2,867700,16600,0.927273
7,2,1008000,19300,0.938182
8,2,1151000,22000,0.927273
1,3,163000,3000,0.989091
2,3,323000,5900,0.992727
3,3,482200,8700,1
4,3,644400,11600,1
5,3,803800,14100,1
6,3,964900,17100,0.996364
7,3,1123600,20100,1
8,3,1280500,22700,1
1,4,199400,3100,0.996364
2,4,392600,6000,0.996364
3,4,587300,8600,0.996364
4,4,929600,14500,1
5,4,977900,14500,1
6,4,1171500,17300,1
7,4,1546200,20100,1
8,4,1550700,22600,1
1,1,127200,2500,0.836364
2,1,253500,5000,0.872727
3,1,476300,7400,0.861818
4,1,505300,9800,0.869091
5,1,632100,12100,0.850909
6,1,757800,14500,0.861818
7,1,884700,16900,0.861818
8,1,1009100,19300,0.861818
1,2,146600,3000,0.916364
2,2,289000,5600,0.916364
3,2,431100,8100,0.92
4,2,647200,11200,0.916364
5,2,745300,13800,0.934545
6,2,866500,16500,0.927273
7,2,1006300,19300,0.938182
8,2,1153400,22300,0.927273
1,3,163100,3000,0.989091
2,3,322300,6000,0.992727
3,3,482600,8700,1
4,3,668800,11700,1
5,3,835000,14300,1
6,3,963400,17200,0.996364
7,3,1234200,20000,1
8,3,1281200,22700,1
1,4,198800,3100,0.996364
2,4,391900,5900,0.996364
3,4,588100,8600,0.996364
4,4,795400,13000,1
5,4,978600,14400,1
6,4,1376900,18900,1
7,4,1433400,20000,1
8,4,1549500,22600,1
1,1,127600,2500,0.836364
2,1,253600,4900,0.872727
3,1,378900,7400,0.861818
4,1,508200,10200,0.869091
5,1,633000,12200,0.850909
6,1,759300,14700,0.861818
7,1,947200,16900,0.861818
8,1,1009100,19300,0.861818
1,2,146900,3000,0.916364
2,2,289000,5600,0.916364
3,2,431500,8100,0.92
4,2,576800,11200,0.916364
5,2,723000,13800,0.934545
6,2,865500,16600,0.927273
7,2,1007300,19100,0.938182
8,2,1153900,21900,0.927273
1,3,164200,3100,0.989091
2,3,322500,5900,0.992727
3,3,482600,8700,1
4,3,644100,49100,1
5,3,804900,14300,1
6,3,963100,16900,0.996364
7,3,1124100,20200,1
8,3,1299300,22900,1
1,4,199900,3000,0.996364
2,4,393500,6000,0.996364
3,4,588800,8600,0.996364
4,4,783300,11700,1
5,4,977600,14600,1
6,4,1221000,17300,1
7,4,1384900,20200,1
8,4,1550100,22500,1
1,1,127200,2500,0.836364
2,1,253800,5000,0.872727
3,1,378900,7400,0.861818
4,1,505400,9600,0.869091
5,1,631900,12100,0.850909
6,1,757700,14400,0.861818
7,1,974000,18900,0.861818
8,1,1126400,21300,0.861818
1,2,161000,3200,0.916364
2,2,376300,7600,0.916364
3,2,432700,8300,0.92
4,2,576900,11100,0.916364
5,2,722000,13800,0.934545
6,2,865900,16600,0.927273
7,2,1007300,19300,0.938182
8,2,1152000,22000,0.927273
1,3,163200,3000,0.989091
2,3,356900,6500,0.992727
3,3,531200,9600,1
4,3,709300,12700,1
5,3,885300,15700,1
6,3,1059600,18800,0.996364
7,3,1235800,21900,1
8,3,1408800,24900,1
1,4,199900,3100,0.996364
2,4,393200,6000,0.996364
3,4,586100,8500,0.996364
4,4,784400,11700,1
5,4,978800,14600,1
6,4,1173800,17300,1
7,4,1361900,20000,1
8,4,1551300,22800,1
1,1,127300,2600,0.836364
2,1,253600,5000,0.872727
3,1,379600,7500,0.861818
4,1,505500,9800,0.869091
5,1,631900,12000,0.850909
6,1,757700,14600,0.861818
7,1,884600,16800,0.861818
8,1,1009900,19400,0.861818
1,2,146100,2900,0.916364
2,2,289200,5500,0.916364
3,2,431700,8200,0.92
4,2,614500,11200,0.916364
5,2,720300,13900,0.934545
6,2,866500,16600,0.927273
7,2,1005200,19300,0.938182
8,2,1194300,25400,0.927273
1,3,163400,3200,0.989091
2,3,322500,5900,0.992727
3,3,483200,8800,1
4,3,645300,11600,1
5,3,804200,14300,1
6,3,962800,16900,0.996364
7,3,1123600,20200,1
8,3,1282500,22800,1
1,4,199900,3100,0.996364
2,4,392400,6000,0.996364
3,4,588800,8600,0.996364
4,4,782500,11700,1
5,4,977100,14400,1
6,4,1171500,17100,1
7,4,1360800,20200,1
8,4,1556500,22700,1
1,1,140900,2500,0.836364
2,1,290900,4900,0.872727
3,1,379100,7400,0.861818
4,1,505500,9700,0.869091
5,1,632200,12100,0.850909
6,1,758900,14600,0.861818
7,1,908300,17000,0.861818
8,1,1009200,19300,0.861818
1,2,146600,3000,0.916364
2,2,289100,5500,0.916364
3,2,432100,8200,0.92
4,2,576600,11100,0.916364
5,2,720900,13800,0.934545
6,2,864700,16600,0.927273
7,2,1006700,19200,0.938182
8,2,1152900,22000,0.927273
1,3,163700,3000,0.989091
2,3,322600,5900,0.992727
3,3,483100,8700,1
4,3,644300,11700,1
5,3,803600,14300,1
6,3,963400,17000,0.996364
7,3,1124700,19800,1
8,3,1280100,22700,1
1,4,275900,3000,0.996364
2,4,393600,5900,0.996364
3,4,624400,8600,0.996364
4,4,784000,11600,1
5,4,978800,14500,1
6,4,1171700,17400,1
7,4,1361700,20000,1
8,4,1551400,22700,1
1,1,127400,2400,0.836364
2,1,253600,4900,0.872727
3,1,378900,7400,0.861818
4,1,505600,9700,0.869091
5,1,632000,12100,0.850909
6,1,757700,14500,0.861818
7,1,884800,16900,0.861818
8,1,1117300,19500,0.861818
1,2,146400,2900,0.916364
2,2,289300,5600,0.916364
3,2,432000,8000,0.92
4,2,604500,11000,0.916364
5,2,721400,13800,0.934545
6,2,865500,16700,0.927273
7,2,1007000,19000,0.938182
8,2,1175500,22000,0.927273
1,3,163400,3100,0.989091
2,3,322500,5900,0.992727
3,3,483600,8700,1
4,3,718100,11600,1
5,3,803800,14200,1
6,3,961400,17100,0.996364
7,3,1122700,19900,1
8,3,1281700,22700,1
1,4,199900,3100,0.996364
2,4,393400,6000,0.996364
3,4,588700,8500,0.996364
4,4,783900,11700,1
5,4,975000,14400,1
6,4,1349200,17400,1
7,4,1363100,20100,1
8,4,1550500,22600,1
1,1,127200,2600,0.836364
2,1,253700,5000,0.872727
3,1,379200,7400,0.861818
4,1,505600,9800,0.869091
5,1,632200,12100,0.850909
6,1,800300,19500,0.861818
7,1,884500,17100,0.861818
8,1,1009100,19300,0.861818
1,2,146600,3000,0.916364
2,2,289500,5600,0.916364
3,2,433400,8200,0.92
4,2,576400,11000,0.916364
5,2,720800,13800,0.934545
6,2,865700,16500,0.927273
7,2,1008000,19300,0.938182
8,2,1152000,21900,0.927273
1,3,163800,3000,0.989091
2,3,322800,5900,0.992727
3,3,483000,8600,1
4,3,644300,11500,1
5,3,804300,14200,1
6,3,1055000,18800,0.996364
7,3,1124300,20000,1
8,3,1317200,22600,1
1,4,200300,3100,0.996364
2,4,394700,6000,0.996364
3,4,588200,8700,0.996364
4,4,783900,11700,1
5,4,977900,14600,1
6,4,1171200,17200,1
7,4,1361300,20200,1
8,4,1551200,22600,1
1,1,127300,2500,0.836364
2,1,253600,4900,0.872727
3,1,401300,7400,0.861818
4,1,532500,9700,0.869091
5,1,631900,12000,0.850909
6,1,757700,14600,0.861818
7,1,884300,16900,0.861818
8,1,1032700,19200,0.861818
1,2,147200,2900,0.916364
2,2,290300,5500,0.916364
3,2,433300,8000,0.92
4,2,579700,11000,0.916364
5,2,796800,15200,0.934545
6,2,952700,18100,0.927273
7,2,1108600,21100,0.938182
8,2,1266200,24300,0.927273
1,3,164300,3100,0.989091
2,3,323300,5900,0.992727
3,3,484100,8700,1
4,3,772300,11700,1
5,3,803900,14300,1
6,3,963000,17200,0.996364
7,3,1123200,20000,1
8,3,1282900,23000,1
1,4,199700,3100,0.996364
2,4,393300,6000,0.996364
3,4,588700,8600,0.996364
4,4,784600,11600,1
5,4,977100,14600,1
6,4,1171700,17100,1
7,4,1362800,20100,1
8,4,1550300,22500,1
1,1,127200,2600,0.836364
2,1,253600,5000,0.872727
3,1,388300,7300,0.861818
4,1,505800,9700,0.869091
5,1,631500,12100,0.850909
6,1,808500,14500,0.861818
7,1,883900,16900,0.861818
8,1,1009300,19200,0.861818
1,2,146500,2900,0.916364
2,2,288800,5500,0.916364
3,2,433300,8200,0.92
4,2,576500,11100,0.916364
5,2,721600,13800,0.934545
6,2,865300,16600,0.927273
7,2,1006700,19200,0.938182
8,2,1151800,22100,0.927273
1,3,162900,3100,0.989091
2,3,322300,5900,0.992727
3,3,531800,9600,1
4,3,709300,12600,1
5,3,884900,15700,1
6,3,981800,17200,0.996364
7,3,1125100,20000,1
8,3,1284000,22800,1
1,4,199400,3000,0.996364
2,4,393300,5900,0.996364
3,4,587600,8600,0.996364
4,4,785000,11800,1
5,4,979300,14500,1
6,4,1172200,17300,1
7,4,1362500,20100,1
8,4,1550100,22700,1
1,1,127400,2600,0.836364
2,1,253600,4900,0.872727
3,1,427400,7400,0.861818
4,1,507000,9700,0.869091
5,1,632200,12200,0.850909
6,1,757600,14500,0.861818
7,1,884400,17000,0.861818
8,1,1109200,19300,0.861818
1,2,146500,2900,0.916364
2,2,289600,5600,0.916364
3,2,431300,8100,0.92
4,2,577600,11000,0.916364
5,2,722400,13700,0.934545
6,2,865600,16600,0.927273
7,2,1006000,19100,0.938182
8,2,1152900,22000,0.927273
1,3,163600,3000,0.989091
2,3,322400,5900,0.992727
3,3,482400,8600,1
4,3,753700,11700,1
5,3,804700,14100,1
6,3,962400,16800,0.996364
7,3,1123100,20000,1
8,3,1282000,22900,1
1,4,199200,3000,0.996364
2,4,393500,6000,0.996364
3,4,587200,8500,0.996364
4,4,783000,11800,1
5,4,980100,14600,1
6,4,1171800,17300,1
7,4,1360800,20100,1
8,4,1730000,22700,1
1,1,127400,2600,0.836364
2,1,253500,5000,0.872727
3,1,379100,7300,0.861818
4,1,505500,9600,0.869091
5,1,632900,12200,0.850909
6,1,757800,14600,0.861818
7,1,884700,16900,0.861818
8,1,1008700,19300,0.861818
1,2,146400,2800,0.916364
2,2,289300,5400,0.916364
3,2,431200,8200,0.92
4,2,576400,11100,0.916364
5,2,806600,13700,0.934545
6,2,865400,16500,0.927273
7,2,1007300,19200,0.938182
8,2,1152100,22000,0.927273
1,3,224600,4200,0.989091
2,3,322600,5900,0.992727
3,3,482400,8800,1
4,3,644300,11600,1
5,3,805800,14400,1
6,3,963200,16900,0.996364
7,3,1147900,19900,1
8,3,1320200,22800,1
1,4,199400,3100,0.996364
2,4,392700,6100,0.996364
3,4,586900,8600,0.996364
4,4,784400,11700,1
5,4,977000,14500,1
6,4,1195400,17300,1
7,4,1529100,22100,1
8,4,1554100,22600,1
1,1,128500,2500,0.836364
2,1,281900,4900,0.872727
3,1,417200,8000,0.861818
4,1,505700,9700,0.869091
5,1,632200,12100,0.850909
6,1,758200,14500,0.861818
7,1,891200,16900,0.861818
8,1,1016700,19300,0.861818
1,2,147500,2900,0.916364
2,2,290000,5500,0.916364
3,2,434200,8300,0.92
4,2,578900,11100,0.916364
5,2,723400,13900,0.934545
6,2,869500,16400,0.927273
7,2,1008000,19100,0.938182
8,2,1152600,22200,0.927273
1,3,164000,3000,0.989091
2,3,322600,5900,0.992727
3,3,484800,8800,1
4,3,645300,11500,1
5,3,804400,14200,1
6,3,1027400,17000,0.996364
7,3,1124000,20000,1
8,3,1281400,22700,1
1,4,199700,3100,0.996364
2,4,393200,6100,0.996364
3,4,588400,8500,0.996364
4,4,784100,11700,1
5,4,979300,14500,1
6,4,1172500,17200,1
7,4,1362200,20100,1
8,4,1552600,22700,1
1,1,127700,2500,0.836364
2,1,253800,5000,0.872727
3,1,406000,7400,0.861818
4,1,548400,11100,0.869091
5,1,633300,12200,0.850909
6,1,758100,14600,0.861818
7,1,884400,16900,0.861818
8,1,1085400,21300,0.861818
1,2,147000,3000,0.916364
2,2,289400,5400,0.916364
3,2,431600,8000,0.92
4,2,576400,11000,0.916364
5,2,720500,13800,0.934545
6,2,865800,16500,0.927273
7,2,1073000,19300,0.938182
8,2,1151800,22000,0.927273
1,3,164500,3000,0.989091
2,3,322800,6000,0.992727
3,3,505900,8800,1
4,3,715300,11600,1
5,3,803700,14100,1
6,3,962100,17000,0.996364
7,3,1124100,19800,1
8,3,1281600,22900,1
1,4,199100,3000,0.996364
2,4,393100,5900,0.996364
3,4,588000,8800,0.996364
4,4,784900,11700,1
5,4,978400,14400,1
6,4,1171800,17300,1
7,4,1374800,22100,1
8,4,1551000,22600,1
1,1,142000,2700,0.836364
2,1,253700,4900,0.872727
3,1,379200,7500,0.861818
4,1,506000,9600,0.869091
5,1,632200,12100,0.850909
6,1,769600,16100,0.861818
7,1,884400,17000,0.861818
8,1,1008900,19300,0.861818
1,2,147000,2900,0.916364
2,2,288300,5500,0.916364
3,2,431500,8200,0.92
4,2,576900,11000,0.916364
5,2,720100,13600,0.934545
6,2,865900,16500,0.927273
7,2,1035300,19200,0.938182
8,2,1151200,22000,0.927273
1,3,164200,3000,0.989091
2,3,327000,10300,0.992727
3,3,482700,8600,1
4,3,644800,11500,1
5,3,803400,14200,1
6,3,1076800,17200,0.996364
7,3,1125200,20100,1
8,3,1281500,22700,1
1,4,199500,3200,0.996364
2,4,393500,5900,0.996364
3,4,587400,8600,0.996364
4,4,782100,11700,1
5,4,979800,14600,1
6,4,1172000,17300,1
7,4,1362400,20100,1
8,4,1549800,22700,1
1,1,127100,2500,0.836364
2,1,253800,4900,0.872727
3,1,379500,7400,0.861818
4,1,506300,9700,0.869091
5,1,631600,12100,0.850909
6,1,758100,14500,0.861818
7,1,884100,17100,0.861818
8,1,1009400,19500,0.861818
1,2,146500,3000,0.916364
2,2,289400,5500,0.916364
3,2,453800,8200,0.92
4,2,576500,11000,0.916364
5,2,721400,13800,0.934545
6,2,865700,16600,0.927273
7,2,1006000,19200,0.938182
8,2,1152600,22000,0.927273
1,3,163900,3000,0.989091
2,3,322200,5900,0.992727
3,3,482100,8700,1
4,3,809800,11600,1
5,3,804100,14400,1
6,3,962400,17000,0.996364
7,3,1146100,19900,1
8,3,1280500,22800,1
1,4,199500,3100,0.996364
2,4,393400,5900,0.996364
3,4,628000,8600,0.996364
4,4,785300,11800,1
5,4,977500,14500,1
6,4,1171900,17200,1
7,4,1362800,20300,1
8,4,1552500,22600,1
1,1,127500,2500,0.836364
2,1,254200,4900,0.872727
3,1,379300,7500,0.861818
4,1,505800,9800,0.869091
5,1,632400,12100,0.850909
6,1,885200,14500,0.861818
7,1,883900,17000,0.861818
8,1,1008800,19200,0.861818
1,2,146800,3000,0.916364
2,2,288800,5500,0.916364
3,2,431800,8200,0.92
4,2,576300,11100,0.916364
5,2,720400,13700,0.934545
6,2,864800,16300,0.927273
7,2,1006200,19000,0.938182
8,2,1151500,22000,0.927273
1,3,164100,2900,0.989091
2,3,322800,5900,0.992727
3,3,483400,8700,1
4,3,645600,11600,1
5,3,804100,14100,1
6,3,963400,17100,0.996364
7,3,1125000,19700,1
8,3,1280200,22600,1
1,4,200000,3100,0.996364
2,4,393300,6000,0.996364
3,4,587600,8500,0.996364
4,4,783200,11700,1
5,4,979200,14700,1
6,4,1180500,17200,1
7,4,1362600,20100,1
8,4,1551400,22800,1
1,1,127400,2600,0.836364
2,1,253600,5000,0.872727
3,1,379100,7500,0.861818
4,1,505900,9700,0.869091
5,1,632400,12200,0.850909
6,1,758000,14400,0.861818
7,1,908000,17000,0.861818
8,1,1008800,19300,0.861818
1,2,146500,3000,0.916364
2,2,289100,5500,0.916364
3,2,431300,8100,0.92
4,2,576200,11000,0.916364
5,2,720600,13800,0.934545
6,2,865100,16500,0.927273
7,2,1006700,19200,0.938182
8,2,1153200,22100,0.927273
1,3,164000,3000,0.989091
2,3,323500,6000,0.992727
3,3,483400,8700,1
4,3,643900,11600,1
5,3,805400,14400,1
6,3,962800,17100,0.996364
7,3,1124300,19900,1
8,3,1281500,22600,1
1,4,199700,3000,0.996364
2,4,393300,6100,0.996364
3,4,774900,8700,0.996364
4,4,785400,11700,1
5,4,978500,14500,1
6,4,1248800,17300,1
7,4,1359700,19900,1
8,4,1549800,22600,1
1,1,127400,2500,0.836364
2,1,253600,4900,0.872727
3,1,379400,7400,0.861818
4,1,506100,9700,0.869091
5,1,632000,12200,0.850909
6,1,758000,14500,0.861818
7,1,885500,17000,0.861818
8,1,1009500,19400,0.861818
1,2,146600,2900,0.916364
2,2,288900,5500,0.916364
3,2,431400,8100,0.92
4,2,576200,11000,0.916364
5,2,720200,13800,0.934545
6,2,865800,16400,0.927273
7,2,1008400,19400,0.938182
8,2,1179500,22100,0.927273
1,3,163400,3000,0.989091
2,3,322800,5900,0.992727
3,3,483000,8800,1
4,3,667800,11600,1
5,3,803500,14300,1
6,3,1017900,23800,0.996364
7,3,1124100,19900,1
8,3,1281300,22800,1
1,4,200300,3000,0.996364
2,4,395100,6000,0.996364
3,4,611100,8600,0.996364
4,4,783600,11800,1
5,4,978400,14500,1
6,4,1171100,17300,1
7,4,1363000,20100,1
8,4,1551000,22800,1
1,1,127200,2500,0.836364
2,1,253600,4900,0.872727
3,1,378900,7400,0.861818
4,1,505500,9700,0.869091
5,1,632400,12200,0.850909
6,1,758300,14400,0.861818
7,1,884300,17000,0.861818
8,1,1009300,19300,0.861818
1,2,146400,3100,0.916364
2,2,288900,5600,0.916364
3,2,431100,8100,0.92
4,2,598800,11200,0.916364
5,2,733400,13900,0.934545
6,2,1439300,19600,0.927273
7,2,1108400,21300,0.938182
8,2,1350700,24400,0.927273
1,3,163800,3000,0.989091
2,3,322600,5900,0.992727
3,3,482300,8700,1
4,3,645700,11600,1
5,3,804900,14500,1
6,3,963500,17200,0.996364
7,3,1214400,19900,1
8,3,1280900,22800,1
1,4,200100,2900,0.996364
2,4,392700,5800,0.996364
3,4,589600,8600,0.996364
4,4,784300,11700,1
5,4,976700,14400,1
6,4,1169700,17400,1
7,4,1361300,20000,1
8,4,1552000,22500,1
1,1,127500,2500,0.836364
2,1,253900,4900,0.872727
3,1,378900,7500,0.861818
4,1,505800,9700,0.869091
5,1,631600,12100,0.850909
6,1,758000,14400,0.861818
7,1,883600,16900,0.861818
8,1,1009300,19200,0.861818
1,2,146500,2900,0.916364
2,2,390200,5500,0.916364
3,2,454800,8000,0.92
4,2,576400,11000,0.916364
5,2,719700,13800,0.934545
6,2,866400,16500,0.927273
7,2,1005900,19200,0.938182
8,2,1152500,22100,0.927273
1,3,163800,3000,0.989091
2,3,323700,6000,0.992727
3,3,482200,8700,1
4,3,644700,11700,1
5,3,804400,14200,1
6,3,964100,17100,0.996364
7,3,1154100,20100,1
8,3,1281000,22800,1
1,4,200000,3000,0.996364
2,4,392900,6000,0.996364
3,4,587800,8400,0.996364
4,4,851000,11800,1
5,4,979200,14500,1
6,4,1194900,17400,1
7,4,1586200,20800,1
8,4,1553300,22600,1
1,1,127300,2600,0.836364
2,1,253700,5000,0.872727
3,1,480600,7400,0.861818
4,1,505900,9700,0.869091
5,1,632000,12100,0.850909
6,1,758200,14500,0.861818
7,1,884400,16900,0.861818
8,1,1009300,19400,0.861818
1,2,146400,2900,0.916364
2,2,289000,5600,0.916364
3,2,431100,8200,0.92
4,2,670300,11100,0.916364
5,2,720500,13600,0.934545
6,2,866900,16500,0.927273
7,2,1006700,19000,0.938182
8,2,1509400,22000,0.927273
1,3,163400,3000,0.989091
2,3,322400,5900,0.992727
3,3,482600,8600,1
4,3,645500,11500,1
5,3,804300,14300,1
6,3,962100,16900,0.996364
7,3,1254800,19900,1
8,3,1280300,22700,1
1,4,200000,3000,0.996364
2,4,392800,6000,0.996364
3,4,587700,8500,0.996364
4,4,783800,11800,1
5,4,978500,14500,1
6,4,1539400,17700,1
7,4,1362800,20100,1
8,4,1550800,22700,1
1,1,127900,2500,0.836364
2,1,253600,4900,0.872727
3,1,379200,7300,0.861818
4,1,505800,9700,0.869091
5,1,632000,12100,0.850909
6,1,758600,14500,0.861818
7,1,1169900,18600,0.861818
8,1,1009200,19300,0.861818
1,2,146600,3000,0.916364
2,2,289200,5600,0.916364
3,2,431900,8100,0.92
4,2,576200,11200,0.916364
5,2,719900,13700,0.934545
6,2,866400,16500,0.927273
7,2,1007000,19400,0.938182
8,2,1152200,22000,0.927273
1,3,164100,3000,0.989091
2,3,323600,5900,0.992727
3,3,482900,8600,1
4,3,644200,11600,1
5,3,803300,14100,1
6,3,963700,17000,0.996364
7,3,1123000,19800,1
8,3,1280700,22800,1
1,4,200600,3100,0.996364
2,4,393100,5900,0.996364
3,4,587400,8600,0.996364
4,4,785600,11900,1
5,4,978300,14400,1
6,4,1195600,17300,1
7,4,1384700,20000,1
8,4,1549300,22500,1
1,1,127200,2500,0.836364
2,1,253500,4900,0.872727
3,1,379200,7500,0.861818
4,1,505800,9700,0.869091
5,1,632400,12100,0.850909
6,1,757800,14600,0.861818
7,1,883800,17000,0.861818
8,1,1009600,19400,0.861818
1,2,146600,2900,0.916364
2,2,288400,5600,0.916364
3,2,430600,8100,0.92
4,2,577400,11200,0.916364
5,2,720300,13800,0.934545
6,2,889600,16500,0.927273
7,2,1033200,19200,0.938182
8,2,1153400,22200,0.927273
1,3,163800,3000,0.989091
2,3,322700,5800,0.992727
3,3,481800,8700,1
4,3,644800,11600,1
5,3,803800,14200,1
6,3,962100,17100,0.996364
7,3,1125200,19900,1
8,3,1280800,22700,1
1,4,199700,3100,0.996364
2,4,394400,5900,0.996364
3,4,588400,8700,0.996364
4,4,784100,11800,1
5,4,976800,14500,1
6,4,1174600,17400,1
7,4,1362200,20100,1
8,4,1646500,22700,1
1,1,127500,2600,0.836364
2,1,275600,5000,0.872727
3,1,379100,7300,0.861818
4,1,505500,9600,0.869091
5,1,714500,12300,0.850909
6,1,757600,14600,0.861818
7,1,907900,16800,0.861818
8,1,1009100,19200,0.861818
1,2,146600,3000,0.916364
2,2,289800,5500,0.916364
3,2,431000,8100,0.92
4,2,575000,11100,0.916364
5,2,720100,13600,0.934545
6,2,867100,16500,0.927273
7,2,1006800,19200,0.938182
8,2,1152200,21900,0.927273
1,3,163400,3100,0.989091
2,3,323000,5900,0.992727
3,3,482500,8800,1
4,3,643700,11600,1
5,3,874900,14300,1
6,3,963300,17100,0.996364
7,3,1123800,19900,1
8,3,1280800,22700,1
1,4,200100,3100,0.996364
2,4,393400,6000,0.996364
3,4,587000,8500,0.996364
4,4,784400,11800,1
5,4,977900,14400,1
6,4,1167700,17300,1
7,4,1363400,20200,1
8,4,1551500,22600,1
1,1,127300,2500,0.836364
2,1,253500,5000,0.872727
3,1,379300,7400,0.861818
4,1,505800,9600,0.869091
5,1,631900,12200,0.850909
6,1,757700,14600,0.861818
7,1,884100,16900,0.861818
8,1,1026500,19400,0.861818
1,2,146500,2900,0.916364
2,2,289000,5500,0.916364
3,2,431400,8100,0.92
4,2,599900,11100,0.916364
5,2,721500,13900,0.934545
6,2,865100,16300,0.927273
7,2,1005500,19200,0.938182
8,2,1176000,22000,0.927273
1,3,163400,3100,0.989091
2,3,322500,5900,0.992727
3,3,482000,8600,1
4,3,645600,11700,1
5,3,804800,14200,1
6,3,962600,17000,0.996364
7,3,1184900,20000,1
8,3,1282600,23000,1
1,4,199400,3000,0.996364
2,4,392200,6000,0.996364
3,4,588200,8700,0.996364
4,4,784400,11600,1
5,4,978900,14500,1
6,4,1172200,17300,1
7,4,1362500,20000,1
8,4,1549700,22700,1
